Source_Name,Pred_CLASS1,Confidence_FSRQ,Confidence_BLL
4FGL J0001.2+4741,bll,0.11494451,0.8850555
4FGL J0001.6-4156,bll,0.0023734607,0.99762654
4FGL J0001.8-2153,bll,0.0056898254,0.9943102
4FGL J0002.3-0815,bll,0.19108742,0.8089126
4FGL J0002.4-5156,bll,0.0053260685,0.9946739
4FGL J0003.1-5248,bll,0.0022348282,0.9977652
4FGL J0003.3-0703,bll,0.0038044653,0.99619555
4FGL J0003.3-1928,bll,0.24527015,0.75472987
4FGL J0003.3-5905,bll,0.27945897,0.720541
4FGL J0003.5+0717,bll,0.09412967,0.9058703
4FGL J0007.5-5247,fsrq,0.9331837,0.06681627
4FGL J0007.7+4008,bll,0.063921124,0.9360789
4FGL J0008.0-3937,fsrq,0.9819987,0.018001318
4FGL J0008.4+6837,fsrq,0.9653504,0.03464961
4FGL J0008.4+1455,bll,0.018371612,0.9816284
4FGL J0009.8+1340,bll,0.09775074,0.9022493
4FGL J0009.8-6358,fsrq,0.9348196,0.06518042
4FGL J0010.8-2154,bll,0.25249565,0.74750435
4FGL J0011.4-4110,fsrq,0.61803055,0.38196945
4FGL J0011.8-3142,bll,0.008448463,0.9915515
4FGL J0012.0+7043,bll,0.43069983,0.5693002
4FGL J0013.4+0950,bll,0.12509082,0.87490916
4FGL J0014.3-0500,bll,0.20597748,0.7940225
4FGL J0014.8+6118,bll,0.13862492,0.8613751
4FGL J0014.9+3212,fsrq,0.99418616,0.005813837
4FGL J0017.0-0649,bll,0.13104245,0.8689575
4FGL J0019.2-5640,fsrq,0.58354145,0.41645855
4FGL J0020.3+6919,fsrq,0.6979977,0.3020023
4FGL J0021.5-2221,fsrq,0.967233,0.032766998
4FGL J0024.4+4647,fsrq,0.95548284,0.04451716
4FGL J0024.5-0810,fsrq,0.98390263,0.016097367
4FGL J0025.7-4801,fsrq,0.52584773,0.47415227
4FGL J0028.1+7505,bll,0.08932262,0.9106774
4FGL J0029.4+2051,bll,0.0019980425,0.99800193
4FGL J0032.3-5522,fsrq,0.6881386,0.3118614
4FGL J0032.5-4724,bll,0.0029015115,0.9970985
4FGL J0033.9+3858,bll,0.24875413,0.75124586
4FGL J0034.0-4116,fsrq,0.99215865,0.007841349
4FGL J0035.0-5728,fsrq,0.97007006,0.029929936
4FGL J0035.8+6131,fsrq,0.8042837,0.19571632
4FGL J0036.8+1431,bll,0.29443875,0.7055613
4FGL J0036.9+1832,fsrq,0.9831488,0.016851187
4FGL J0039.1+4330,bll,0.046506714,0.9534933
4FGL J0040.9+3203,bll,0.22020146,0.7797985
4FGL J0041.3+6052,fsrq,0.9543568,0.04564321
4FGL J0041.7-1607,bll,0.005435345,0.99456465
4FGL J0043.6+2223,bll,0.31760693,0.6823931
4FGL J0044.8+6802,bll,0.4844392,0.5155608
4FGL J0044.9+4553,fsrq,0.7832413,0.21675873
4FGL J0047.1-6203,fsrq,0.9566727,0.043327272
4FGL J0047.9+5448,bll,0.0049528643,0.99504715
4FGL J0048.6-2427,bll,0.09814861,0.9018514
4FGL J0049.2+6227,bll,0.35003152,0.6499685
4FGL J0049.5-4150,bll,0.035199825,0.9648002
4FGL J0050.8-3428,bll,0.05023463,0.9497654
4FGL J0052.9-6644,bll,0.033119794,0.9668802
4FGL J0054.4+8627,fsrq,0.98549646,0.014503539
4FGL J0054.8-1954,fsrq,0.7661564,0.23384362
4FGL J0055.1-1219,fsrq,0.85120827,0.14879173
4FGL J0056.6-5317,bll,0.16089402,0.83910596
4FGL J0057.0+4101,bll,0.040643662,0.9593563
4FGL J0057.3+2216,bll,0.12192015,0.87807983
4FGL J0058.6-1140,bll,0.015476888,0.9845231
4FGL J0102.0+1639,bll,0.46715984,0.53284013
4FGL J0102.1+5846,bll,0.26949,0.73051
4FGL J0102.6-5639,bll,0.04335657,0.9566434
4FGL J0102.7-2001,bll,0.0017212525,0.99827874
4FGL J0103.1+4954,fsrq,0.9118671,0.08813292
4FGL J0106.9-4832,bll,0.25353527,0.7464647
4FGL J0107.6+4950,bll,0.09933118,0.9006688
4FGL J0109.3+2401,bll,0.05739579,0.9426042
4FGL J0110.3-0431,bll,0.24107395,0.75892603
4FGL J0110.9+4344,bll,0.29159245,0.7084075
4FGL J0111.4-7304,bll,0.09213428,0.9078657
4FGL J0111.5-2546,fsrq,0.93532133,0.06467867
4FGL J0112.8-0253,bll,0.031537987,0.968462
4FGL J0114.0+6418,bll,0.27917692,0.72082305
4FGL J0115.1+2622,bll,0.14897701,0.85102296
4FGL J0115.6-5653,bll,0.0029762408,0.99702376
4FGL J0118.7-0848,fsrq,0.98653656,0.013463438
4FGL J0119.4-5354,bll,0.30626386,0.69373614
4FGL J0119.9+4053,bll,0.20776902,0.79223096
4FGL J0121.7+5153,bll,0.004378934,0.9956211
4FGL J0122.1-3004,bll,0.0031868676,0.9968131
4FGL J0125.4+3200,fsrq,0.99430794,0.0056920648
4FGL J0125.8+2605,bll,0.4912621,0.5087379
4FGL J0126.5-1553,fsrq,0.7123667,0.2876333
4FGL J0127.4-4813,bll,0.122511655,0.8774884
4FGL J0128.2-1722,fsrq,0.68922764,0.31077236
4FGL J0128.2+4400,fsrq,0.95327324,0.046726763
4FGL J0128.3+5710,bll,0.41839233,0.5816077
4FGL J0129.0+6312,fsrq,0.7938701,0.20612991
4FGL J0130.4-2129,bll,0.04043007,0.95956993
4FGL J0130.6+1844,bll,0.028894793,0.9711052
4FGL J0131.2+5547,bll,0.026049843,0.97395015
4FGL J0132.8+4324,bll,0.34854263,0.65145737
4FGL J0133.2-4533,bll,0.002676238,0.99732375
4FGL J0133.7-5527,bll,0.27897003,0.72103
4FGL J0135.0+5338,fsrq,0.9435298,0.056470215
4FGL J0135.3-2728,bll,0.09733305,0.9026669
4FGL J0136.8+2032,fsrq,0.9368409,0.06315911
4FGL J0138.6+2923,fsrq,0.9891334,0.010866582
4FGL J0140.6+8736,bll,0.16181046,0.83818954
4FGL J0143.1-3622,fsrq,0.99451596,0.0054840446
4FGL J0143.3-0119,bll,0.40710625,0.5928937
4FGL J0145.9+2319,bll,0.45941052,0.54058945
4FGL J0146.3+4606,bll,0.23380671,0.7661933
4FGL J0147.6+1547,bll,0.29029873,0.7097013
4FGL J0147.6-6028,bll,0.015243245,0.98475677
4FGL J0147.6-0825,fsrq,0.9120453,0.0879547
4FGL J0147.7-1321,bll,0.06887225,0.9311277
4FGL J0149.6-0734,bll,0.14627592,0.85372406
4FGL J0150.5-3337,fsrq,0.8628769,0.13712311
4FGL J0150.6-5448,bll,0.017449465,0.98255056
4FGL J0151.0+0539,bll,0.058100745,0.94189924
4FGL J0151.4-3607,bll,0.31324515,0.6867548
4FGL J0151.7+5455,bll,0.41244632,0.5875537
4FGL J0152.2+3714,fsrq,0.6937517,0.3062483
4FGL J0154.5-6604,fsrq,0.9483695,0.051630497
4FGL J0155.4-0625,bll,0.10431765,0.89568233
4FGL J0156.1+1502,bll,0.0035113348,0.9964887
4FGL J0156.6-1758,bll,0.09219474,0.90780526
4FGL J0156.9+4648,bll,0.122962475,0.8770375
4FGL J0156.9-3235,bll,0.0035051866,0.9964948
4FGL J0158.5-5005,fsrq,0.96717983,0.032820165
4FGL J0158.9+7037,fsrq,0.5804142,0.41958582
4FGL J0159.3-4523,fsrq,0.61583114,0.38416886
4FGL J0201.1-4347,bll,0.003080873,0.99691916
4FGL J0202.3-0605,bll,0.27390492,0.7260951
4FGL J0202.9-0225,bll,0.0153895,0.9846105
4FGL J0203.9+5411,bll,0.16558878,0.8344112
4FGL J0204.1-2919,bll,0.014533319,0.98546666
4FGL J0204.3-3140,bll,0.008829139,0.9911709
4FGL J0204.8+1513,fsrq,0.9380093,0.06199068
4FGL J0205.2-3050,fsrq,0.7552822,0.24471778
4FGL J0206.4+3829,bll,0.03780402,0.962196
4FGL J0206.8-5744,bll,0.01151573,0.98848426
4FGL J0207.5-1049,bll,0.31715462,0.68284535
4FGL J0207.5-2402,fsrq,0.5342118,0.4657882
4FGL J0207.9+2203,bll,0.15965979,0.8403402
4FGL J0207.9+0953,fsrq,0.6836869,0.3163131
4FGL J0209.7+6437,fsrq,0.82696563,0.17303437
4FGL J0210.1+2518,bll,0.02956885,0.97043115
4FGL J0210.5-1445,bll,0.13092434,0.86907566
4FGL J0212.2-2559,bll,0.02595072,0.97404927
4FGL J0212.8-2721,bll,0.14491875,0.85508126
4FGL J0213.8-6949,bll,0.0017502758,0.9982497
4FGL J0214.2-7025,fsrq,0.9861637,0.013836324
4FGL J0214.4-5822,bll,0.1177049,0.88229513
4FGL J0214.6-4333,bll,0.0045293844,0.99547064
4FGL J0214.8-6150,bll,0.4162292,0.5837708
4FGL J0214.9-3722,fsrq,0.9779653,0.022034705
4FGL J0215.3+7555,bll,0.0028107464,0.9971893
4FGL J0215.9+0521,bll,0.063832745,0.93616724
4FGL J0215.9+0300,bll,0.06586569,0.9341343
4FGL J0216.6-1015,bll,0.48918065,0.5108193
4FGL J0216.8+0510,bll,0.18795909,0.8120409
4FGL J0218.7+2640,bll,0.008912344,0.9910877
4FGL J0218.9-2305,fsrq,0.99186057,0.0081394315
4FGL J0218.9+3643,fsrq,0.8993784,0.10062158
4FGL J0221.2-1312,fsrq,0.93859506,0.061404943
4FGL J0221.8+3730,bll,0.3320871,0.6679129
4FGL J0223.5+5415,bll,0.005868228,0.99413174
4FGL J0223.5+3912,bll,0.0828088,0.9171912
4FGL J0223.5-0928,fsrq,0.69322866,0.30677134
4FGL J0224.0-1850,bll,0.011828248,0.98817176
4FGL J0224.2+1616,bll,0.10157602,0.89842397
4FGL J0225.1-2604,fsrq,0.99195546,0.008044541
4FGL J0225.5-5618,bll,0.0035771723,0.9964228
4FGL J0225.6-4502,fsrq,0.62409925,0.37590075
4FGL J0225.8+1310,bll,0.16416453,0.83583546
4FGL J0226.3-1845,fsrq,0.9717246,0.02827537
4FGL J0226.6-0553,bll,0.052916687,0.9470833
4FGL J0226.7+2312,bll,0.1903322,0.8096678
4FGL J0227.0-1739,fsrq,0.82604873,0.17395127
4FGL J0227.3-6119,bll,0.15545312,0.8445469
4FGL J0227.8+2246,bll,0.38557836,0.6144216
4FGL J0228.1+8208,fsrq,0.7357129,0.2642871
4FGL J0228.2-3102,bll,0.07660086,0.92339915
4FGL J0228.5-2234,bll,0.15626568,0.8437343
4FGL J0230.0-5236,bll,0.30269873,0.69730127
4FGL J0233.0+3740,bll,0.032664154,0.9673358
4FGL J0233.5+0654,bll,0.11000849,0.8899915
4FGL J0233.9+8041,bll,0.003080873,0.99691916
4FGL J0237.1-0714,bll,0.003987882,0.9960121
4FGL J0237.6+0923,bll,0.18979086,0.81020916
4FGL J0238.2+1531,fsrq,0.7730324,0.22696757
4FGL J0239.5+1326,fsrq,0.58776623,0.41223377
4FGL J0239.5-1353,fsrq,0.985657,0.014343023
4FGL J0240.6+3528,bll,0.017199118,0.9828009
4FGL J0240.8-3401,bll,0.019455455,0.98054457
4FGL J0241.9-1603,bll,0.0121657,0.9878343
4FGL J0242.3+5216,fsrq,0.95406556,0.04593444
4FGL J0242.6+1735,bll,0.19172363,0.80827636
4FGL J0243.7+0321,bll,0.15756322,0.8424368
4FGL J0244.7+1316,fsrq,0.9810111,0.018988907
4FGL J0245.4-5950,bll,0.11886377,0.88113624
4FGL J0246.6-3348,bll,0.010734651,0.9892653
4FGL J0248.0+2232,bll,0.05765536,0.94234467
4FGL J0248.6+5131,bll,0.013945221,0.9860548
4FGL J0248.6-3511,fsrq,0.9926087,0.007391274
4FGL J0249.7+4500,bll,0.0036558686,0.99634415
4FGL J0250.2-8224,fsrq,0.99179345,0.008206546
4FGL J0250.3-3422,bll,0.32389367,0.67610633
4FGL J0250.6+8435,bll,0.224727,0.77527297
4FGL J0250.7+5630,bll,0.015319491,0.98468053
4FGL J0254.5-7511,fsrq,0.98630226,0.013697743
4FGL J0257.0+3358,bll,0.025375433,0.9746246
4FGL J0259.3+5453,bll,0.113686144,0.88631386
4FGL J0259.4+0308,bll,0.0050375806,0.9949624
4FGL J0259.5-1705,bll,0.05540833,0.94459164
4FGL J0300.2-0514,bll,0.35892278,0.6410772
4FGL J0301.2+2546,fsrq,0.5600258,0.4399742
4FGL J0301.9-2731,bll,0.16224027,0.83775973
4FGL J0303.2+3149,bll,0.4616705,0.5383295
4FGL J0303.4-5232,fsrq,0.9931666,0.0068333745
4FGL J0304.5+3349,fsrq,0.9772405,0.022759497
4FGL J0304.5+6821,fsrq,0.94393194,0.056068063
4FGL J0308.1-2852,bll,0.046894528,0.95310545
4FGL J0310.8-1041,bll,0.012267375,0.98773265
4FGL J0310.9-3458,bll,0.03840425,0.9615958
4FGL J0311.2+6856,bll,0.12093889,0.8790611
4FGL J0311.5-4402,bll,0.10319981,0.89680016
4FGL J0311.6+4134,bll,0.11728323,0.8827168
4FGL J0312.4-3221,bll,0.19285485,0.8071451
4FGL J0313.0+0229,fsrq,0.9892517,0.010748327
4FGL J0315.4-2643,bll,0.005303887,0.99469614
4FGL J0315.5+4231,bll,0.37185133,0.6281487
4FGL J0316.0-5626,bll,0.0822082,0.9177918
4FGL J0316.9-0625,bll,0.013352879,0.9866471
4FGL J0317.9+2010,bll,0.0037358317,0.99626416
4FGL J0319.4-7045,bll,0.003973079,0.99602693
4FGL J0319.9-3821,fsrq,0.65004694,0.34995306
4FGL J0320.6+1125,bll,0.1293427,0.8706573
4FGL J0321.3+0425,fsrq,0.9475297,0.052470326
4FGL J0322.4+6606,fsrq,0.97489697,0.025103033
4FGL J0322.9+0940,bll,0.07212446,0.9278755
4FGL J0324.3-1313,fsrq,0.97253597,0.027464032
4FGL J0324.8-2043,bll,0.017524034,0.982476
4FGL J0325.2+4705,fsrq,0.95696545,0.043034554
4FGL J0325.9-1843,bll,0.17127343,0.8287266
4FGL J0326.7-3404,bll,0.105004825,0.89499515
4FGL J0327.0-3751,bll,0.49166226,0.50833774
4FGL J0327.5-1805,fsrq,0.9883936,0.011606395
4FGL J0328.9+3514,fsrq,0.94676226,0.053237736
4FGL J0330.6+4659,fsrq,0.8429447,0.15705532
4FGL J0330.6+0438,fsrq,0.53353107,0.46646893
4FGL J0330.7-2408,bll,0.022595003,0.977405
4FGL J0331.1-5243,fsrq,0.65912825,0.34087175
4FGL J0332.2-1737,fsrq,0.96634454,0.033655465
4FGL J0332.8+1557,bll,0.13928199,0.860718
4FGL J0333.1+8227,bll,0.0044769025,0.9955231
4FGL J0333.3+0233,bll,0.07138259,0.9286174
4FGL J0333.8+4007,bll,0.015096809,0.9849032
4FGL J0335.8+2733,bll,0.24540827,0.7545917
4FGL J0338.7-5319,bll,0.014667107,0.9853329
4FGL J0338.9-2848,bll,0.019362126,0.98063785
4FGL J0340.5-0256,bll,0.09893126,0.90106875
4FGL J0342.8-3007,bll,0.11289195,0.887108
4FGL J0344.2+3203c,fsrq,0.7890488,0.21095121
4FGL J0344.4+3432,bll,0.0353454,0.9646546
4FGL J0345.5-3301,bll,0.14981909,0.8501809
4FGL J0347.6-0133,bll,0.028100783,0.9718992
4FGL J0347.7-3616,bll,0.4568067,0.54319334
4FGL J0348.2+6035,bll,0.012071356,0.9879286
4FGL J0348.8-0828,bll,0.15552473,0.84447527
4FGL J0348.8+4610,fsrq,0.9494609,0.050539076
4FGL J0348.9-4859,bll,0.329562,0.670438
4FGL J0349.6+2410,fsrq,0.9919842,0.008015811
4FGL J0350.0+0640,bll,0.0033181848,0.9966818
4FGL J0350.4-5144,bll,0.0038829881,0.996117
4FGL J0350.6-3226,fsrq,0.98820865,0.011791348
4FGL J0351.2-6103,bll,0.14506434,0.85493565
4FGL J0351.6+2921,bll,0.37603727,0.62396276
4FGL J0352.0-2516,bll,0.49560714,0.50439286
4FGL J0354.4+4643,fsrq,0.93488914,0.06511086
4FGL J0355.3+3909,bll,0.010140161,0.9898598
4FGL J0356.1-1329,bll,0.0054992456,0.99450076
4FGL J0357.2+2320,bll,0.17726013,0.82273984
4FGL J0357.2-0319,bll,0.0029015115,0.9970985
4FGL J0358.0-6946,fsrq,0.6123689,0.38763112
4FGL J0358.5-5432,fsrq,0.9785124,0.021487594
4FGL J0358.6+0634,fsrq,0.99280787,0.007192135
4FGL J0358.7+7649,bll,0.028632598,0.9713674
4FGL J0359.4-0236,bll,0.013712719,0.9862873
4FGL J0400.7+3920,bll,0.22207332,0.7779267
4FGL J0401.0-5353,bll,0.0017305055,0.9982695
4FGL J0401.3+0412,bll,0.32521242,0.6747876
4FGL J0401.9-2034,fsrq,0.90498203,0.09501797
4FGL J0402.0+2737,fsrq,0.7885634,0.21143663
4FGL J0402.9+6433,bll,0.10788203,0.892118
4FGL J0404.1-1715,bll,0.034251004,0.965749
4FGL J0404.3-1559,bll,0.36544743,0.6345526
4FGL J0409.4+3201,bll,0.019085528,0.9809145
4FGL J0410.9+4216,bll,0.18054917,0.81945086
4FGL J0411.7+3041,bll,0.33354217,0.66645783
4FGL J0412.3+0239,bll,0.1616535,0.8383465
4FGL J0412.6-5434,bll,0.015840529,0.98415947
4FGL J0412.7-3927,bll,0.0030048988,0.9969951
4FGL J0415.2-5741,bll,0.0032708785,0.99672914
4FGL J0416.0-4743,fsrq,0.7430856,0.25691438
4FGL J0416.4-2059,fsrq,0.54000556,0.45999444
4FGL J0418.1-0252,bll,0.48405907,0.5159409
4FGL J0418.4+3414,fsrq,0.5199012,0.48009878
4FGL J0420.0+0805,bll,0.1687857,0.8312143
4FGL J0420.3-3745,bll,0.25390235,0.7460977
4FGL J0421.0-0752,fsrq,0.6959283,0.30407172
4FGL J0423.1+2106,bll,0.26889664,0.73110336
4FGL J0423.7+0831,bll,0.002452973,0.99754703
4FGL J0425.3+6319,bll,0.0021785705,0.99782145
4FGL J0426.5+2007,fsrq,0.9210389,0.078961074
4FGL J0426.7+6826,bll,0.06401145,0.93598855
4FGL J0427.3-3900,fsrq,0.98720413,0.012795866
4FGL J0427.5-1831,bll,0.0043318127,0.9956682
4FGL J0428.7-5003,bll,0.28757453,0.7124255
4FGL J0429.0-0006,fsrq,0.9959007,0.0040993094
4FGL J0429.8+2843,bll,0.08796544,0.9120346
4FGL J0430.3+1654,bll,0.25940636,0.7405937
4FGL J0431.2-0358,fsrq,0.942756,0.057244003
4FGL J0432.0+1732,fsrq,0.51433885,0.48566115
4FGL J0433.5-1039,bll,0.12540749,0.87459254
4FGL J0434.3-2517,fsrq,0.5035315,0.49646848
4FGL J0436.2-0038,bll,0.41453016,0.58546984
4FGL J0436.7-7148,bll,0.1211994,0.87880063
4FGL J0436.8-5223,fsrq,0.988679,0.011321008
4FGL J0437.2-5846,fsrq,0.89271754,0.10728246
4FGL J0439.2+2151,fsrq,0.92451817,0.07548183
4FGL J0439.4-3202,bll,0.0065702903,0.9934297
4FGL J0440.2+4246,bll,0.29580793,0.70419204
4FGL J0440.4+1440,fsrq,0.59707147,0.40292853
4FGL J0441.3-2617,bll,0.0028054148,0.9971946
4FGL J0444.5+0719,fsrq,0.98161316,0.01838684
4FGL J0444.6+3425,bll,0.16374493,0.8362551
4FGL J0446.3-1729,bll,0.0035299032,0.9964701
4FGL J0447.2-2539,bll,0.00788241,0.9921176
4FGL J0447.4-2747,fsrq,0.79233205,0.20766795
4FGL J0449.6+3027,fsrq,0.9217833,0.07821667
4FGL J0450.3-4419,fsrq,0.9846406,0.015359402
4FGL J0450.4+7230,bll,0.06437899,0.935621
4FGL J0450.7-4938,bll,0.18844911,0.81155086
4FGL J0450.8-2327,bll,0.4170251,0.5829749
4FGL J0451.8+5721,bll,0.018439446,0.9815605
4FGL J0452.0+2100,bll,0.0037358317,0.99626416
4FGL J0453.5-1233,fsrq,0.78898776,0.21101224
4FGL J0453.9+3727,bll,0.15933014,0.8406699
4FGL J0456.2+2702,fsrq,0.972538,0.027462006
4FGL J0456.3-1634,bll,0.018176422,0.98182356
4FGL J0456.4-4043,bll,0.4128357,0.5871643
4FGL J0458.0+1152,bll,0.15221679,0.8477832
4FGL J0458.6+5509,fsrq,0.8066811,0.1933189
4FGL J0459.2-2612,bll,0.40087786,0.59912217
4FGL J0459.4+1921,bll,0.058086567,0.9419134
4FGL J0459.7-4529,fsrq,0.9738618,0.026138186
4FGL J0500.1+5447,bll,0.33868802,0.661312
4FGL J0500.4-5321,fsrq,0.7638941,0.23610592
4FGL J0501.0+2424,bll,0.002516179,0.99748385
4FGL J0501.0-2423,fsrq,0.9936411,0.0063589215
4FGL J0501.7+3048,bll,0.030216297,0.9697837
4FGL J0502.5+3438,fsrq,0.8197808,0.18021917
4FGL J0503.6+4518,bll,0.017161373,0.98283863
4FGL J0504.3-0955,bll,0.028251238,0.97174877
4FGL J0505.6+6405,fsrq,0.96238816,0.037611842
4FGL J0505.8+3322,bll,0.042308014,0.95769197
4FGL J0506.0-0357c,bll,0.41956735,0.58043265
4FGL J0507.4-3346,bll,0.001156955,0.9988431
4FGL J0507.9+4647,fsrq,0.9521678,0.04783219
4FGL J0508.2+5211,bll,0.12710878,0.8728912
4FGL J0509.1+1943,fsrq,0.8627234,0.13727659
4FGL J0509.1-7317,bll,0.13856342,0.8614366
4FGL J0509.2+5550,bll,0.23250376,0.7674962
4FGL J0509.3-2917,bll,0.17935552,0.8206445
4FGL J0510.4-1809,fsrq,0.98749524,0.012504756
4FGL J0511.4-6804,bll,0.084414884,0.9155851
4FGL J0512.8+4041,bll,0.39006352,0.6099365
4FGL J0514.5+6247,bll,0.10772854,0.89227146
4FGL J0515.5-0125,bll,0.04999271,0.9500073
4FGL J0515.9+0537,bll,0.18046404,0.819536
4FGL J0516.1-7240,fsrq,0.8629705,0.13702953
4FGL J0516.7+2743,fsrq,0.6763453,0.3236547
4FGL J0517.7-1758,fsrq,0.98572505,0.014274955
4FGL J0517.9-6930c,fsrq,0.7230805,0.27691948
4FGL J0519.0+0851,bll,0.4636991,0.5363009
4FGL J0519.6+2744,bll,0.109285556,0.89071447
4FGL J0520.4+3607,fsrq,0.734751,0.265249
4FGL J0520.6+6531,bll,0.0034874072,0.9965126
4FGL J0521.4-2957,bll,0.020187091,0.9798129
4FGL J0521.8+5658c,fsrq,0.8308806,0.16911942
4FGL J0521.8-3848,fsrq,0.9821858,0.017814219
4FGL J0524.1-5659,fsrq,0.5207962,0.47920382
4FGL J0524.5+2839,bll,0.05329269,0.9467073
4FGL J0524.5-2614,bll,0.14648487,0.85351515
4FGL J0524.6-2819,fsrq,0.9900159,0.009984076
4FGL J0525.6-6013,bll,0.0021920875,0.9978079
4FGL J0526.1+6318,bll,0.18056293,0.8194371
4FGL J0526.3+2246,bll,0.3450512,0.65494883
4FGL J0529.1-0101,bll,0.31839168,0.6816083
4FGL J0529.1+0935,bll,0.061488423,0.93851155
4FGL J0529.3-7243,bll,0.41719466,0.58280534
4FGL J0530.4+3303,bll,0.06466996,0.93533003
4FGL J0532.7+5749,fsrq,0.77793324,0.22206676
4FGL J0532.8-3941,fsrq,0.9887683,0.01123172
4FGL J0532.9+6936,bll,0.17523639,0.8247636
4FGL J0533.0-8446,bll,0.38036254,0.6196375
4FGL J0533.1-6119,fsrq,0.86888367,0.13111633
4FGL J0533.3-5549,fsrq,0.946179,0.053821027
4FGL J0535.7-6604c,bll,0.002452973,0.99754703
4FGL J0536.0-2754,fsrq,0.6305956,0.36940438
4FGL J0536.5-2548,bll,0.021024909,0.9789751
4FGL J0538.6+0443,bll,0.013125279,0.9868747
4FGL J0539.0+1644,bll,0.007238731,0.99276125
4FGL J0539.7-1030,fsrq,0.5677134,0.43228662
4FGL J0539.7-0521c,fsrq,0.9605887,0.039411306
4FGL J0540.0+1209,bll,0.4966838,0.50331616
4FGL J0541.1-4854,bll,0.026373059,0.973627
4FGL J0541.4-7334,bll,0.19174387,0.80825615
4FGL J0542.4+3547c,fsrq,0.74212205,0.25787795
4FGL J0542.8-3458,bll,0.01902516,0.98097485
4FGL J0542.9-0913,fsrq,0.9382793,0.06172073
4FGL J0543.2+8238,fsrq,0.97936296,0.020637035
4FGL J0545.0+0613c,fsrq,0.9453217,0.05467832
4FGL J0548.5-5218,bll,0.017245056,0.98275495
4FGL J0549.0+3258c,bll,0.061524294,0.9384757
4FGL J0550.9+2552c,fsrq,0.7147686,0.2852314
4FGL J0551.0-1622,fsrq,0.8811154,0.11888462
4FGL J0551.8-3517,bll,0.31936362,0.6806364
4FGL J0552.4+3755,fsrq,0.78011286,0.21988714
4FGL J0552.8+0313,fsrq,0.72820556,0.27179444
4FGL J0554.3-1009c,fsrq,0.6762175,0.3237825
4FGL J0555.1+0304,fsrq,0.8404775,0.15952247
4FGL J0557.2+7705,bll,0.10525755,0.8947424
4FGL J0557.3-0615,bll,0.05790024,0.94209975
4FGL J0557.4-0302,bll,0.31243247,0.68756753
4FGL J0557.6-0721,bll,0.005342564,0.99465746
4FGL J0558.1-2859,bll,0.09228734,0.90771264
4FGL J0559.6+3044,bll,0.0028054148,0.9971946
4FGL J0559.7-1817,bll,0.49556094,0.50443906
4FGL J0559.9+6409,bll,0.024179798,0.9758202
4FGL J0601.3+5444,bll,0.001876039,0.99812394
4FGL J0602.8+6041,bll,0.38712645,0.61287355
4FGL J0603.0-2936,fsrq,0.5128874,0.48711258
4FGL J0603.9+2159,bll,0.4114183,0.5885817
4FGL J0604.5-4851,bll,0.3404506,0.65954936
4FGL J0604.8+4411,fsrq,0.9933037,0.006696284
4FGL J0604.9-0000,bll,0.107515395,0.8924846
4FGL J0606.5-4730,bll,0.013436393,0.9865636
4FGL J0606.9+4402,bll,0.1259138,0.8740862
4FGL J0608.8+5553,fsrq,0.5557204,0.4442796
4FGL J0608.9-5456,fsrq,0.98627824,0.013721764
4FGL J0609.5+1402,fsrq,0.6871596,0.3128404
4FGL J0610.7+1656,fsrq,0.92369336,0.07630664
4FGL J0611.1+4325,bll,0.00560177,0.99439824
4FGL J0611.6-2712,fsrq,0.9439758,0.056024194
4FGL J0612.5-3934,fsrq,0.77902395,0.22097605
4FGL J0613.6+1709,fsrq,0.8598892,0.14011079
4FGL J0614.8+6136,fsrq,0.955963,0.044036984
4FGL J0614.9+2426,bll,0.32811683,0.67188317
4FGL J0616.7-1049,fsrq,0.95676595,0.04323405
4FGL J0616.9+4340,bll,0.012626816,0.9873732
4FGL J0617.9-0319,fsrq,0.95014846,0.049851537
4FGL J0618.9-1138,fsrq,0.7621024,0.23789757
4FGL J0620.0+5733,bll,0.053375315,0.9466247
4FGL J0620.3+3804,fsrq,0.7600496,0.23995042
4FGL J0620.5-2512,fsrq,0.9457978,0.0542022
4FGL J0621.2-4648,fsrq,0.6730803,0.32691967
4FGL J0621.2-2213,bll,0.30475193,0.69524807
4FGL J0622.7-4141,bll,0.22870454,0.7712954
4FGL J0622.9+3326,fsrq,0.93392,0.066079974
4FGL J0623.0-3010,fsrq,0.93786985,0.062130153
4FGL J0623.6-3351,fsrq,0.992109,0.007890999
4FGL J0624.1-6330,bll,0.042047545,0.95795244
4FGL J0624.2-2943,bll,0.046488892,0.9535111
4FGL J0626.8-2603,bll,0.4332598,0.5667402
4FGL J0627.0+2623,bll,0.0036438068,0.9963562
4FGL J0628.6-6711,fsrq,0.9266452,0.07335478
4FGL J0628.6+6900,bll,0.051434495,0.9485655
4FGL J0629.6+2435,bll,0.037176885,0.9628231
4FGL J0630.1-2010,bll,0.038515102,0.9614849
4FGL J0630.2+3228,bll,0.07540955,0.92459047
4FGL J0631.1+2020,fsrq,0.962921,0.037078977
4FGL J0632.0-1032,bll,0.29499435,0.70500565
4FGL J0636.7+7139,fsrq,0.91436005,0.08563995
4FGL J0637.4-3537,bll,0.07884197,0.921158
4FGL J0638.2+6020,bll,0.39592737,0.60407263
4FGL J0638.7+2753,bll,0.01900881,0.9809912
4FGL J0638.7+5658,fsrq,0.98509324,0.014906764
4FGL J0639.6+3503,fsrq,0.5521491,0.44785088
4FGL J0640.7-1924,fsrq,0.97852737,0.021472633
4FGL J0640.8+2432,bll,0.0017019033,0.9982981
4FGL J0643.2-5356,fsrq,0.8805558,0.11944419
4FGL J0643.4-3314,fsrq,0.62240154,0.37759846
4FGL J0644.6-2853,bll,0.024900997,0.975099
4FGL J0647.7-4418,bll,0.0727888,0.9272112
4FGL J0647.8+4527,fsrq,0.7867371,0.21326292
4FGL J0648.1+1605,bll,0.0336517,0.9663483
4FGL J0648.2+1745,bll,0.34282246,0.65717757
4FGL J0649.3+2230,bll,0.025995469,0.9740045
4FGL J0650.2-1636,fsrq,0.9600299,0.0399701
4FGL J0650.5-2851,fsrq,0.94530094,0.054699063
4FGL J0651.5+7956,bll,0.12965257,0.87034744
4FGL J0652.5+1932,fsrq,0.8330461,0.16695392
4FGL J0653.6+1636,bll,0.053167116,0.9468329
4FGL J0654.3+0923,bll,0.033982992,0.966017
4FGL J0654.6-4952,bll,0.35693163,0.6430684
4FGL J0655.4-2631,bll,0.1424717,0.8575283
4FGL J0658.1-5840,bll,0.08052605,0.91947395
4FGL J0658.2+2709,bll,0.12602496,0.87397504
4FGL J0658.6+0636,bll,0.02720771,0.97279227
4FGL J0659.6-6742,bll,0.003581592,0.9964184
4FGL J0700.1-6311,bll,0.047620226,0.95237976
4FGL J0701.5+2511,bll,0.14191283,0.8580872
4FGL J0703.2+6809,bll,0.058460433,0.9415396
4FGL J0703.3-1042,bll,0.27545518,0.7245448
4FGL J0704.7+4508,bll,0.35338458,0.6466154
4FGL J0704.8+4907,fsrq,0.9866166,0.0133833885
4FGL J0705.7-4848,bll,0.20734958,0.7926504
4FGL J0705.9+5309,bll,0.05295526,0.94704473
4FGL J0706.1+0246,bll,0.0031919128,0.9968081
4FGL J0709.0+4304,bll,0.1143799,0.8856201
4FGL J0709.3+0540,bll,0.065086536,0.93491346
4FGL J0712.5+3311,bll,0.11147967,0.88852036
4FGL J0713.0+5738,fsrq,0.9897904,0.01020962
4FGL J0713.5+2537,bll,0.10746082,0.8925392
4FGL J0714.4+1110,bll,0.0939972,0.9060028
4FGL J0715.3-6828,bll,0.09320464,0.9067954
4FGL J0717.7-5519,bll,0.01505905,0.98494095
4FGL J0718.2-1324,bll,0.16001227,0.83998775
4FGL J0719.6-3927,bll,0.44617304,0.5538269
4FGL J0720.0-3507,fsrq,0.9792987,0.02070129
4FGL J0720.0-6237,fsrq,0.98230875,0.017691255
4FGL J0722.7+3606,fsrq,0.9671476,0.03285241
4FGL J0725.5+0216,bll,0.05535848,0.94464153
4FGL J0725.5-0504,bll,0.10737715,0.8926228
4FGL J0725.6-3530,bll,0.056783628,0.9432164
4FGL J0725.8-0054,bll,0.013423783,0.9865762
4FGL J0726.1+8114,bll,0.013712719,0.9862873
4FGL J0727.4+5325,fsrq,0.6502462,0.3497538
4FGL J0728.5+6128,fsrq,0.8460531,0.15394688
4FGL J0729.1-3131,bll,0.41410178,0.5858982
4FGL J0730.1+6852,bll,0.3332789,0.6667211
4FGL J0731.8-3009,bll,0.25198528,0.7480147
4FGL J0732.7-4638,fsrq,0.9574341,0.042565882
4FGL J0733.0+4915,bll,0.13812837,0.8618716
4FGL J0733.1+5910,bll,0.14700708,0.8529929
4FGL J0733.4+5152,bll,0.0023535835,0.9976464
4FGL J0733.5-5445,fsrq,0.5995511,0.40044892
4FGL J0733.6+3649,bll,0.31294492,0.6870551
4FGL J0733.7+0205c,fsrq,0.9640087,0.03599131
4FGL J0734.4-7711,bll,0.48941162,0.5105884
4FGL J0738.4+1539,bll,0.021171384,0.9788286
4FGL J0739.7+1743,fsrq,0.80647767,0.19352233
4FGL J0740.0-0753,fsrq,0.89885217,0.10114783
4FGL J0740.4+7300,bll,0.094283774,0.90571624
4FGL J0741.2-5140,fsrq,0.7739586,0.22604138
4FGL J0741.4-8132,bll,0.0028054148,0.9971946
4FGL J0742.9-5242,fsrq,0.96685946,0.03314054
4FGL J0743.3-4912c,fsrq,0.68743813,0.31256187
4FGL J0743.6-3805,fsrq,0.9272572,0.07274282
4FGL J0744.1-6211,bll,0.028100783,0.9718992
4FGL J0745.4-2447,fsrq,0.9704524,0.029547572
4FGL J0746.5-0710,bll,0.12545377,0.87454623
4FGL J0747.2+4529,bll,0.30340087,0.6965991
4FGL J0747.6+7209,fsrq,0.66274405,0.33725595
4FGL J0748.0-1638,fsrq,0.9778665,0.02213353
4FGL J0748.3+8511,bll,0.0011593242,0.9988407
4FGL J0749.0-3904,bll,0.04289603,0.95710397
4FGL J0749.0-2956,bll,0.049051087,0.9509489
4FGL J0749.3+4453,fsrq,0.50383896,0.49616104
4FGL J0749.6+1324,bll,0.47370476,0.52629524
4FGL J0749.9+3112,fsrq,0.5366496,0.46335042
4FGL J0750.0+8238,fsrq,0.9755628,0.02443719
4FGL J0751.0+7908,bll,0.33373764,0.6662624
4FGL J0751.0-5131,fsrq,0.9742401,0.025759876
4FGL J0751.4-0421,bll,0.034628984,0.965371
4FGL J0751.4+2655,bll,0.033189714,0.9668103
4FGL J0752.3-1631,bll,0.018565904,0.9814341
4FGL J0753.9+0923,fsrq,0.9134953,0.0865047
4FGL J0754.0+0451,bll,0.008014253,0.99198574
4FGL J0756.6-7723,bll,0.031078115,0.9689219
4FGL J0800.3+5611,bll,0.022049654,0.97795033
4FGL J0800.4-2257,fsrq,0.775639,0.224361
4FGL J0801.3+6631,fsrq,0.9744537,0.025546312
4FGL J0802.3-0942,bll,0.0038253556,0.99617463
4FGL J0803.5+2046,fsrq,0.9714669,0.028533101
4FGL J0804.5+0414,fsrq,0.8742977,0.12570232
4FGL J0804.9-0624,bll,0.0032510648,0.9967489
4FGL J0805.0+6746,bll,0.039228123,0.96077186
4FGL J0805.1+7744,fsrq,0.8078917,0.19210827
4FGL J0805.8-2331,bll,0.08021612,0.9197839
4FGL J0806.1-0458,bll,0.21015817,0.78984183
4FGL J0806.9-2151,bll,0.07929448,0.9207055
4FGL J0807.0-6102,bll,0.101137355,0.89886266
4FGL J0807.2-7630,bll,0.17285815,0.8271419
4FGL J0807.3-1954,bll,0.12869287,0.87130713
4FGL J0807.7-1206,fsrq,0.99183196,0.008168042
4FGL J0809.9-7028,bll,0.04933218,0.9506678
4FGL J0810.5+6139,bll,0.07053218,0.9294678
4FGL J0810.9-4926,fsrq,0.7524493,0.24755073
4FGL J0811.9+7847,bll,0.2532092,0.74679077
4FGL J0812.5+0711,fsrq,0.94044125,0.05955875
4FGL J0812.6+2821,bll,0.06681259,0.9331874
4FGL J0813.7-0356,bll,0.004279637,0.9957204
4FGL J0814.4+6926,bll,0.003080873,0.99691916
4FGL J0814.5-2642,bll,0.3484524,0.6515476
4FGL J0815.9+2951,bll,0.06276868,0.9372313
4FGL J0816.4-0007,bll,0.07777494,0.92222506
4FGL J0816.7-2420,fsrq,0.98250544,0.01749456
4FGL J0817.1+1955,bll,0.003299879,0.9967001
4FGL J0820.1-2801,bll,0.0036438068,0.9963562
4FGL J0820.6-0318,bll,0.047089536,0.9529105
4FGL J0820.7-5758,fsrq,0.97902805,0.020971954
4FGL J0821.1+1007,bll,0.48278847,0.51721156
4FGL J0822.4-2630,bll,0.18004963,0.81995034
4FGL J0822.9+0538,bll,0.017249849,0.9827502
4FGL J0823.7-4838,fsrq,0.98469746,0.015302539
4FGL J0824.7-1035,fsrq,0.9696278,0.030372202
4FGL J0825.9-3218,fsrq,0.9718133,0.028186679
4FGL J0827.6-3735,fsrq,0.9590065,0.04099351
4FGL J0828.6-0747,fsrq,0.82982624,0.17017376
4FGL J0829.4+4019,bll,0.2832072,0.7167928
4FGL J0829.6-1140,bll,0.011087396,0.9889126
4FGL J0829.7-5856,fsrq,0.9743412,0.025658786
4FGL J0830.1-0946,bll,0.004794737,0.9952053
4FGL J0831.4+2631,fsrq,0.64530784,0.35469216
4FGL J0832.2+2753,bll,0.1512524,0.8487476
4FGL J0835.0+6243,fsrq,0.8517974,0.1482026
4FGL J0835.9-2120,bll,0.038781255,0.9612187
4FGL J0836.0-8015,bll,0.0023788942,0.9976211
4FGL J0836.2+2141,fsrq,0.99271,0.0072900057
4FGL J0840.1-0225,bll,0.0019903253,0.9980097
4FGL J0840.9-7044,bll,0.390938,0.60906196
4FGL J0841.0-2744,fsrq,0.9491682,0.050831795
4FGL J0842.3-6053,bll,0.15955251,0.8404475
4FGL J0843.0-0853,fsrq,0.95730805,0.042691946
4FGL J0845.4+0442,bll,0.17574655,0.82425344
4FGL J0846.5-2609,fsrq,0.7801546,0.21984541
4FGL J0848.7-6942,bll,0.005903441,0.9940966
4FGL J0849.4-2911,bll,0.041688006,0.958312
4FGL J0849.8-3541,bll,0.4317839,0.5682161
4FGL J0851.9-5229,fsrq,0.73336893,0.26663107
4FGL J0851.9+4845,fsrq,0.56580454,0.43419546
4FGL J0852.5-5755,fsrq,0.67234206,0.32765794
4FGL J0852.9-3824,fsrq,0.7505337,0.2494663
4FGL J0853.1-3657,bll,0.015473234,0.98452675
4FGL J0855.4-0714,fsrq,0.6597292,0.34027082
4FGL J0856.4-5309,bll,0.11167153,0.8883285
4FGL J0856.8+8559,bll,0.25453714,0.7454629
4FGL J0900.6-7408,fsrq,0.9840756,0.015924394
4FGL J0900.7-1243,fsrq,0.63420117,0.36579883
4FGL J0901.5+6711,bll,0.050853867,0.94914615
4FGL J0902.4+6440,bll,0.20663314,0.79336685
4FGL J0902.5-4801,fsrq,0.81808466,0.18191534
4FGL J0904.5-3513,fsrq,0.9914103,0.008589685
4FGL J0904.9-5734,fsrq,0.7810086,0.2189914
4FGL J0906.2-1707,bll,0.010630672,0.98936933
4FGL J0907.8-1002,bll,0.25421736,0.7457826
4FGL J0908.5-8751,fsrq,0.99236864,0.0076313615
4FGL J0909.1+6647,bll,0.039933175,0.9600668
4FGL J0911.0-5047,fsrq,0.5233474,0.47665262
4FGL J0912.2+3004,bll,0.070753194,0.9292468
4FGL J0912.2-2751,bll,0.3186916,0.6813084
4FGL J0913.9+1732,bll,0.422412,0.57758796
4FGL J0914.1-0202,bll,0.1442605,0.8557395
4FGL J0915.1-3738,bll,0.06276663,0.9372334
4FGL J0915.4-3027,bll,0.37848,0.62152004
4FGL J0918.9-0625,bll,0.13200183,0.8679982
4FGL J0919.3-2202,bll,0.012900402,0.9870996
4FGL J0920.2-3835,bll,0.044074398,0.9559256
4FGL J0920.3-0443,fsrq,0.97780573,0.022194266
4FGL J0921.2-8211,fsrq,0.5826054,0.41739458
4FGL J0922.6+4454,fsrq,0.5519558,0.44804418
4FGL J0922.6+0434,fsrq,0.98431176,0.01568824
4FGL J0922.6-2116,fsrq,0.8470614,0.1529386
4FGL J0923.5+3852,fsrq,0.99095356,0.009046435
4FGL J0923.5+4210,fsrq,0.98520756,0.014792442
4FGL J0928.2-3048,fsrq,0.8536704,0.14632958
4FGL J0928.3+7444,bll,0.058613412,0.9413866
4FGL J0928.4-0415,fsrq,0.9771045,0.022895515
4FGL J0929.2+7302,bll,0.17309186,0.8269081
4FGL J0930.9-1015,fsrq,0.9842568,0.015743196
4FGL J0931.2-8533,fsrq,0.9445504,0.055449605
4FGL J0932.8+3337,bll,0.19186655,0.8081335
4FGL J0933.5-0013,fsrq,0.8236243,0.17637569
4FGL J0933.5-5240,bll,0.15162082,0.8483792
4FGL J0935.4-6911,bll,0.4143174,0.58568263
4FGL J0937.0-2044,bll,0.36800894,0.631991
4FGL J0938.9-6403,bll,0.4043562,0.59564376
4FGL J0939.3-1732,bll,0.3978641,0.6021359
4FGL J0940.0-2828,fsrq,0.92363447,0.07636553
4FGL J0940.7-6105,fsrq,0.89015573,0.10984427
4FGL J0941.7+4125,fsrq,0.7133736,0.2866264
4FGL J0942.7-2028,bll,0.0031178277,0.9968822
4FGL J0943.7+6137,fsrq,0.9826601,0.017339885
4FGL J0948.6-0338,bll,0.25883752,0.7411625
4FGL J0949.7+5819,fsrq,0.9596161,0.040383875
4FGL J0950.2-1623,bll,0.06336114,0.93663883
4FGL J0952.3-4342,bll,0.49646991,0.5035301
4FGL J0952.6-5048,bll,0.17994408,0.8200559
4FGL J0953.1-3005,fsrq,0.98635894,0.013641059
4FGL J0954.2-2520,bll,0.015411906,0.9845881
4FGL J0957.8+3423,bll,0.03480581,0.96519417
4FGL J0958.1-6753,bll,0.38152838,0.6184716
4FGL J0958.4-2441,bll,0.10113515,0.89886487
4FGL J0958.8+7039,bll,0.0036558686,0.99634415
4FGL J1002.3-1200,fsrq,0.81721276,0.18278724
4FGL J1002.8+2140,fsrq,0.784186,0.215814
4FGL J1003.4+0205,bll,0.010613274,0.98938674
4FGL J1003.6-2137,bll,0.0050271475,0.9949728
4FGL J1006.8-5007,fsrq,0.9695216,0.030478418
4FGL J1008.7-2909,fsrq,0.9623178,0.037682176
4FGL J1011.1-2300,fsrq,0.93493825,0.06506175
4FGL J1012.3-1232,bll,0.21669857,0.7833014
4FGL J1013.3-2551,fsrq,0.8807059,0.11929411
4FGL J1014.3+4112,fsrq,0.6195272,0.38047278
4FGL J1014.7+3210,bll,0.0038629747,0.996137
4FGL J1014.8-0537,bll,0.03538701,0.96461296
4FGL J1014.9-4508,bll,0.1619156,0.8380844
4FGL J1016.4+7703,bll,0.025645858,0.97435415
4FGL J1016.5-2650,bll,0.052942667,0.9470573
4FGL J1017.2-1549,bll,0.0039749835,0.996025
4FGL J1017.3+5204,bll,0.027860878,0.9721391
4FGL J1017.4+2538,bll,0.004655028,0.995345
4FGL J1017.8+0715,fsrq,0.98856527,0.011434734
4FGL J1018.9+1043,fsrq,0.6511408,0.3488592
4FGL J1019.7+0511,bll,0.020804057,0.97919595
4FGL J1021.4+8021,bll,0.424513,0.575487
4FGL J1027.2+7427,fsrq,0.854602,0.14539802
4FGL J1027.6+1828,bll,0.11421598,0.88578403
4FGL J1027.6+8251,bll,0.12813354,0.87186646
4FGL J1028.7-6431c,fsrq,0.89734423,0.10265577
4FGL J1030.2-8403,bll,0.031667437,0.9683326
4FGL J1030.4-3001,fsrq,0.7576905,0.24230951
4FGL J1031.8-2609,bll,0.004378934,0.9956211
4FGL J1033.7+3708,bll,0.30768684,0.6923132
4FGL J1034.0-2547,bll,0.27923286,0.72076714
4FGL J1035.1-0608,bll,0.28012195,0.7198781
4FGL J1035.3-2050,bll,0.09468986,0.90531015
4FGL J1035.3+5541,bll,0.27960125,0.7203988
4FGL J1035.9-3108,bll,0.17108975,0.82891023
4FGL J1037.0-1954,bll,0.11576255,0.88423747
4FGL J1038.2-2425,fsrq,0.5744261,0.4255739
4FGL J1039.2-2848,bll,0.030216493,0.9697835
4FGL J1039.6+0535,bll,0.21669047,0.7833095
4FGL J1039.9+7326,fsrq,0.5928464,0.4071536
4FGL J1041.1-1201,bll,0.0120211495,0.9879789
4FGL J1041.3-6437,fsrq,0.76059973,0.23940027
4FGL J1045.9+7538,bll,0.012060454,0.98793954
4FGL J1045.9-2331,bll,0.41582,0.58418
4FGL J1046.0+5448,bll,0.29398295,0.706017
4FGL J1047.2-5517,fsrq,0.91991687,0.08008313
4FGL J1047.4+0031,bll,0.040038396,0.9599616
4FGL J1047.8-6216,fsrq,0.57509327,0.42490673
4FGL J1047.9+0055,fsrq,0.99691486,0.0030851364
4FGL J1047.9-4642,fsrq,0.97236425,0.027635753
4FGL J1049.8+1429,fsrq,0.99451596,0.0054840446
4FGL J1050.6-5248,fsrq,0.68402904,0.31597096
4FGL J1051.2-6517,bll,0.0875706,0.9124294
4FGL J1053.3-1134,fsrq,0.96969754,0.030302465
4FGL J1053.9+8628,bll,0.04046444,0.95953554
4FGL J1054.2+3926,fsrq,0.5554866,0.44451338
4FGL J1101.3+7017,fsrq,0.8272634,0.17273659
4FGL J1101.5+3904,fsrq,0.8784733,0.12152672
4FGL J1102.0-6054,fsrq,0.74169177,0.25830823
4FGL J1102.8-0148,bll,0.004155352,0.99584466
4FGL J1102.9-5628,bll,0.07858614,0.92141384
4FGL J1103.2+8603,bll,0.37894964,0.62105036
4FGL J1104.0+2611,bll,0.021341592,0.97865844
4FGL J1104.9+5748,fsrq,0.976395,0.023604989
4FGL J1105.8-0731,bll,0.0848623,0.9151377
4FGL J1106.2-1048,bll,0.15446006,0.8455399
4FGL J1108.7-1844,fsrq,0.557377,0.44262302
4FGL J1108.8-6833,fsrq,0.85387003,0.14612997
4FGL J1109.7-4814,fsrq,0.7844503,0.2155497
4FGL J1111.4-4624,fsrq,0.85288113,0.14711887
4FGL J1111.8+4858,bll,0.0020217232,0.99797827
4FGL J1113.6-1920,bll,0.2649071,0.7350929
4FGL J1115.2-0703,bll,0.04290887,0.95709115
4FGL J1116.3-4000,bll,0.0087510655,0.9912489
4FGL J1117.2-5337,bll,0.041007623,0.95899236
4FGL J1117.5-4839,fsrq,0.9791114,0.020888627
4FGL J1117.6+0217,bll,0.42880607,0.57119393
4FGL J1117.7-3650,bll,0.063284464,0.93671554
4FGL J1118.0-1620,fsrq,0.9909917,0.009008288
4FGL J1120.6+0713,fsrq,0.5267943,0.4732057
4FGL J1121.3-0011,bll,0.016648803,0.9833512
4FGL J1123.5-6418,fsrq,0.91629237,0.08370763
4FGL J1123.6+8028,bll,0.15497321,0.8450268
4FGL J1124.4+2308,bll,0.08124205,0.918758
4FGL J1124.6-0809,bll,0.15257794,0.84742206
4FGL J1125.0-5804,bll,0.0015360285,0.998464
4FGL J1126.8-3829,bll,0.10000852,0.8999915
4FGL J1127.3+3755,fsrq,0.7445627,0.2554373
4FGL J1127.6-4920,bll,0.17471854,0.82528144
4FGL J1129.2-1014,bll,0.2559915,0.74400854
4FGL J1129.2-0529,fsrq,0.95373017,0.046269834
4FGL J1129.5+3034,fsrq,0.6174189,0.3825811
4FGL J1131.1-0944,bll,0.07398784,0.92601216
4FGL J1131.4-0504,fsrq,0.5755033,0.4244967
4FGL J1132.2-4736,bll,0.04841404,0.95158595
4FGL J1132.3-5606,fsrq,0.6221418,0.37785822
4FGL J1132.8-5328,fsrq,0.9456158,0.054384172
4FGL J1136.0-6824,fsrq,0.707214,0.292786
4FGL J1136.3-0501,fsrq,0.7987027,0.20129728
4FGL J1136.8-7413,fsrq,0.5627761,0.4372239
4FGL J1139.0+4033,fsrq,0.98373437,0.01626563
4FGL J1139.6+1149,fsrq,0.88054204,0.11945796
4FGL J1141.4+6805,bll,0.0012185536,0.99878144
4FGL J1143.7-1014,bll,0.20427077,0.7957292
4FGL J1145.6+5552,bll,0.413667,0.58633304
4FGL J1145.7-1528,fsrq,0.9929427,0.007057309
4FGL J1146.4-0926,fsrq,0.9954508,0.0045492053
4FGL J1146.4-3327,bll,0.41659224,0.58340776
4FGL J1147.2-2627,fsrq,0.97748315,0.022516847
4FGL J1149.1+2819,bll,0.12063342,0.8793666
4FGL J1149.5-4029,fsrq,0.8722539,0.1277461
4FGL J1150.6-4823,fsrq,0.9932586,0.0067414045
4FGL J1151.6-2115,bll,0.06322516,0.93677485
4FGL J1153.3-1104,fsrq,0.99408036,0.0059196353
4FGL J1153.6-2553,bll,0.006628765,0.99337125
4FGL J1153.7-3210,fsrq,0.5563854,0.4436146
4FGL J1155.6-6547,fsrq,0.751727,0.24827302
4FGL J1155.8-1217,bll,0.3367048,0.6632952
4FGL J1156.6+0640,fsrq,0.82438785,0.17561215
4FGL J1156.8-1537,fsrq,0.87042356,0.12957644
4FGL J1158.9+0956,fsrq,0.63602406,0.36397594
4FGL J1158.9+0818,bll,0.014652071,0.9853479
4FGL J1159.2-2227,fsrq,0.9587035,0.041296482
4FGL J1200.2+0201,bll,0.016651394,0.9833486
4FGL J1200.7+2008,fsrq,0.97115445,0.028845549
4FGL J1200.8-1429,bll,0.028480345,0.97151965
4FGL J1201.1-0332,bll,0.08877272,0.9112273
4FGL J1202.9+5141,fsrq,0.5292375,0.4707625
4FGL J1203.3+1119,bll,0.26857865,0.73142135
4FGL J1204.4+3750,fsrq,0.7691744,0.2308256
4FGL J1205.8+3321,fsrq,0.60689026,0.39310974
4FGL J1207.2-0524,bll,0.017966058,0.98203397
4FGL J1208.2-7810,bll,0.009653955,0.9903461
4FGL J1208.8-1751,bll,0.06995492,0.93004507
4FGL J1208.8-2754,bll,0.025346527,0.9746535
4FGL J1209.0-4630,bll,0.06009648,0.9399035
4FGL J1209.4+7608,bll,0.038748097,0.9612519
4FGL J1211.0-3800,bll,0.33931231,0.6606877
4FGL J1211.6-2735,fsrq,0.992864,0.0071359873
4FGL J1211.8-4817,bll,0.35899508,0.6410049
4FGL J1212.1+6412,bll,0.22484967,0.7751503
4FGL J1212.2+2442,bll,0.060009774,0.9399902
4FGL J1212.7-1402,bll,0.01100912,0.9889909
4FGL J1214.6-1926,fsrq,0.9945967,0.0054032803
4FGL J1215.8-3732,bll,0.12521969,0.8747803
4FGL J1215.8-1733,fsrq,0.93239284,0.067607164
4FGL J1216.2-6121,fsrq,0.75122803,0.24877197
4FGL J1219.9+6056,bll,0.052107994,0.947892
4FGL J1220.2-3713,bll,0.007362609,0.9926374
4FGL J1221.2+6910,bll,0.19808647,0.8019135
4FGL J1222.0-4121,fsrq,0.54679126,0.45320874
4FGL J1223.0+1100,bll,0.0041068993,0.9958931
4FGL J1223.9-0545,fsrq,0.93671,0.06329
4FGL J1224.7-8313,fsrq,0.9718418,0.028158188
4FGL J1225.3-3446,bll,0.02813246,0.97186756
4FGL J1225.4-1550,bll,0.030876596,0.9691234
4FGL J1225.5-2851,fsrq,0.8022092,0.1977908
4FGL J1225.6-7313,bll,0.08706851,0.9129315
4FGL J1225.6-4937,fsrq,0.9680682,0.031931818
4FGL J1225.8-2941,fsrq,0.7096453,0.29035473
4FGL J1227.8+6053,bll,0.3377714,0.6622286
4FGL J1228.3+7521,bll,0.064859405,0.9351406
4FGL J1228.7-0318,bll,0.037856407,0.9621436
4FGL J1229.1+5521,fsrq,0.97916496,0.020835042
4FGL J1232.5-3720,bll,0.0028340453,0.997166
4FGL J1234.0-5735,bll,0.047853913,0.9521461
4FGL J1234.7-0434,bll,0.008517309,0.9914827
4FGL J1240.1-6846,bll,0.2326091,0.7673909
4FGL J1240.4-2606,bll,0.08533144,0.91466856
4FGL J1240.4-7148,bll,0.0067648506,0.9932352
4FGL J1241.3+4236,bll,0.3284233,0.67157674
4FGL J1241.6+3844,bll,0.12897,0.87103
4FGL J1243.0+3950,fsrq,0.98162866,0.018371344
4FGL J1243.9-0218,bll,0.33406624,0.6659337
4FGL J1244.2-4956,fsrq,0.65061057,0.34938943
4FGL J1248.9+4840,fsrq,0.9673121,0.032687902
4FGL J1249.2-2809,bll,0.01352102,0.986479
4FGL J1249.3-0545,bll,0.014119686,0.9858803
4FGL J1250.8+3117,bll,0.1626987,0.8373013
4FGL J1251.3-0201,bll,0.16482165,0.8351784
4FGL J1253.8+2929,bll,0.071245186,0.9287548
4FGL J1254.2-2205,bll,0.19135639,0.8086436
4FGL J1254.9-7141,fsrq,0.96345943,0.036540568
4FGL J1256.1-5919,bll,0.09802674,0.90197325
4FGL J1258.7+5143,fsrq,0.5526186,0.44738138
4FGL J1259.5+2332,bll,0.47100392,0.5289961
4FGL J1302.3+6901,fsrq,0.98722327,0.012776732
4FGL J1304.0-5539,fsrq,0.9740942,0.025905788
4FGL J1304.9-2107,bll,0.12644088,0.8735591
4FGL J1306.5+1926,bll,0.38336685,0.6166332
4FGL J1307.1-0344,bll,0.010188847,0.9898112
4FGL J1308.1-3801,bll,0.0037358317,0.99626416
4FGL J1308.4-6706,bll,0.2881212,0.7118788
4FGL J1309.6+3718,bll,0.08119507,0.91880494
4FGL J1310.1-0450,bll,0.450138,0.549862
4FGL J1310.7-5553,fsrq,0.99299216,0.0070078373
4FGL J1311.8+2057,fsrq,0.984321,0.015679002
4FGL J1312.6-1900,bll,0.0153895,0.9846105
4FGL J1312.6+4828,fsrq,0.88934153,0.11065847
4FGL J1314.7-0901,bll,0.010830963,0.98916906
4FGL J1315.4+8453,fsrq,0.5130229,0.4869771
4FGL J1315.9-6349c,bll,0.27416945,0.72583055
4FGL J1316.5+3013,bll,0.03769441,0.9623056
4FGL J1316.7+2054,fsrq,0.5112856,0.4887144
4FGL J1317.1+6613,fsrq,0.5883673,0.41163272
4FGL J1317.6+7450,bll,0.2855397,0.7144603
4FGL J1318.1-1740,bll,0.23938659,0.76061344
4FGL J1318.2+6754,fsrq,0.53912264,0.46087736
4FGL J1318.7-1234,bll,0.10583023,0.89416975
4FGL J1319.5-0045,fsrq,0.9504499,0.049550116
4FGL J1322.0-5921,bll,0.061095957,0.93890405
4FGL J1322.3-0606,bll,0.029206272,0.9707937
4FGL J1322.6-1418,bll,0.030298142,0.9697019
4FGL J1322.6-1617,bll,0.027842944,0.97215706
4FGL J1323.0+2941,bll,0.15174443,0.8482556
4FGL J1326.1-6800,fsrq,0.9613243,0.038675725
4FGL J1326.6+0152,bll,0.013608502,0.9863915
4FGL J1327.0+3154,bll,0.12654743,0.87345254
4FGL J1329.4-0530,fsrq,0.53774923,0.46225077
4FGL J1330.2-7003,fsrq,0.9855686,0.014431417
4FGL J1330.7+5200,bll,0.13984938,0.86015064
4FGL J1330.7+2933,fsrq,0.94684976,0.053150237
4FGL J1331.7-0647,bll,0.013599641,0.98640037
4FGL J1333.0-6626,fsrq,0.9544048,0.04559523
4FGL J1334.1-3521,bll,0.0028358165,0.9971642
4FGL J1336.2+2053,bll,0.13432403,0.865676
4FGL J1336.5-1529,fsrq,0.7464389,0.25356108
4FGL J1337.5-7802,bll,0.074080534,0.9259195
4FGL J1337.9-1956,fsrq,0.8419892,0.15801078
4FGL J1338.1-0931,bll,0.025371542,0.97462845
4FGL J1339.0-2400,bll,0.4347226,0.5652774
4FGL J1340.0-1501,bll,0.019931573,0.98006845
4FGL J1340.1+3857,fsrq,0.99070704,0.00929296
4FGL J1340.4+6926,fsrq,0.98911,0.010890007
4FGL J1341.1+7433,bll,0.058285534,0.94171447
4FGL J1341.7-3907,bll,0.024888879,0.9751111
4FGL J1344.1-7700,fsrq,0.7294812,0.27051878
4FGL J1344.4-3656,bll,0.033298805,0.9667012
4FGL J1346.3+7227,bll,0.36262336,0.63737667
4FGL J1347.4+7309,fsrq,0.98148453,0.018515468
4FGL J1347.9-0618,fsrq,0.7387672,0.2612328
4FGL J1349.5-7153,bll,0.3651056,0.6348944
4FGL J1351.7-2912,fsrq,0.951083,0.048916996
4FGL J1352.7-2742,fsrq,0.943475,0.056524992
4FGL J1354.1-8750,bll,0.49920958,0.5007904
4FGL J1354.2+6934,bll,0.052006446,0.9479936
4FGL J1356.2-2454,fsrq,0.9755128,0.024487197
4FGL J1358.9-0703,bll,0.16887076,0.83112925
4FGL J1359.1-1152,bll,0.0039364877,0.99606353
4FGL J1359.4+1809,bll,0.013480604,0.9865194
4FGL J1400.6-5605,fsrq,0.9364874,0.06351262
4FGL J1401.1-3717,bll,0.006535629,0.99346435
4FGL J1402.5-1827,fsrq,0.9648404,0.035159588
4FGL J1403.6+3606,bll,0.015158444,0.9848416
4FGL J1405.3-0640,bll,0.09886858,0.9011314
4FGL J1406.4-1654,bll,0.100152776,0.8998472
4FGL J1408.7+3617,bll,0.42148992,0.57851005
4FGL J1410.5+6215,bll,0.23310749,0.7668925
4FGL J1412.0+3836,bll,0.0039742608,0.99602574
4FGL J1412.2+2132,bll,0.32581723,0.6741828
4FGL J1412.9+5018,fsrq,0.97197807,0.028021932
4FGL J1414.5+0826,fsrq,0.97921443,0.02078557
4FGL J1416.0+1320,bll,0.4933637,0.50663626
4FGL J1416.0+3443,fsrq,0.98690873,0.013091266
4FGL J1419.6-5153,bll,0.35777748,0.6422225
4FGL J1420.9-7920,fsrq,0.66573673,0.33426327
4FGL J1421.1-4614,fsrq,0.93081325,0.06918675
4FGL J1421.1-1120,fsrq,0.7784744,0.22152561
4FGL J1421.6-4819,fsrq,0.97618824,0.023811758
4FGL J1422.6+8150,bll,0.045334417,0.9546656
4FGL J1423.5+4524,bll,0.07648848,0.9235115
4FGL J1424.8-6808,fsrq,0.93875474,0.061245263
4FGL J1427.4-1823,bll,0.027984716,0.97201526
4FGL J1428.1+1629,fsrq,0.76235783,0.23764217
4FGL J1428.7-1017,bll,0.003080873,0.99691916
4FGL J1428.8+7429,bll,0.04860746,0.95139253
4FGL J1429.8-3058,bll,0.013818069,0.9861819
4FGL J1432.2+5051,bll,0.13928385,0.86071616
4FGL J1432.8+7648,bll,0.08585123,0.91414875
4FGL J1434.5+5428,fsrq,0.98520017,0.014799833
4FGL J1435.3+7120,bll,0.043880843,0.9561192
4FGL J1435.7+6148,bll,0.1873601,0.8126399
4FGL J1435.9-8348,fsrq,0.98747814,0.012521863
4FGL J1437.3-3239,fsrq,0.9890532,0.01094681
4FGL J1438.5-4207,bll,0.024489358,0.97551066
4FGL J1441.7+1836,bll,0.0131815225,0.9868185
4FGL J1442.2+0622,fsrq,0.6440295,0.3559705
4FGL J1443.7-0954,bll,0.28315765,0.71684235
4FGL J1445.2-1954,bll,0.19110383,0.8088962
4FGL J1446.0-3039,fsrq,0.9216919,0.078308105
4FGL J1446.3+3111,fsrq,0.99452317,0.0054768324
4FGL J1446.8-1830,bll,0.016664993,0.983335
4FGL J1447.0-2657,bll,0.014864501,0.9851355
4FGL J1451.5+1415,fsrq,0.9034313,0.0965687
4FGL J1451.8-3851,bll,0.28296006,0.71703994
4FGL J1453.0-1318,bll,0.2724342,0.72756577
4FGL J1454.0+4927,fsrq,0.97828406,0.021715939
4FGL J1454.1+2647,bll,0.06830002,0.9317
4FGL J1455.4-3654,fsrq,0.53746545,0.46253455
4FGL J1457.3-4246,fsrq,0.95570785,0.044292152
4FGL J1458.1+4119,bll,0.05619061,0.9438094
4FGL J1459.0+6129,bll,0.13065626,0.86934376
4FGL J1459.0-5353,fsrq,0.8073299,0.1926701
4FGL J1502.5+5552,fsrq,0.97162354,0.02837646
4FGL J1503.3-8136,bll,0.25447258,0.7455274
4FGL J1503.6-6427,fsrq,0.7090516,0.2909484
4FGL J1503.7-5801,fsrq,0.82738733,0.17261267
4FGL J1503.9-4247,fsrq,0.8327542,0.1672458
4FGL J1504.9+2027,bll,0.4370278,0.5629722
4FGL J1505.5-8241,bll,0.013101755,0.98689824
4FGL J1507.3-3710,bll,0.07874205,0.921258
4FGL J1508.4+7717,bll,0.06656331,0.9334367
4FGL J1508.5-4951,fsrq,0.9823636,0.017636418
4FGL J1509.8-2906,fsrq,0.9838299,0.016170084
4FGL J1510.4-3017,fsrq,0.9445405,0.0554595
4FGL J1510.8+7959,fsrq,0.5783045,0.42169547
4FGL J1512.2+4704,bll,0.015156657,0.9848433
4FGL J1512.9-5639,bll,0.21715128,0.7828487
4FGL J1513.0-6549,fsrq,0.7945754,0.2054246
4FGL J1513.2-7131,fsrq,0.817968,0.18203199
4FGL J1513.4-3721,bll,0.009894536,0.99010545
4FGL J1514.4-7719,bll,0.003080873,0.99691916
4FGL J1514.6-2044,bll,0.22215122,0.7778488
4FGL J1514.7-3617,fsrq,0.8878621,0.11213791
4FGL J1515.7-2321,bll,0.025371542,0.97462845
4FGL J1517.0+2639,bll,0.22053306,0.7794669
4FGL J1517.3+6630,fsrq,0.92556524,0.07443476
4FGL J1518.4+0750,bll,0.0033833876,0.9966166
4FGL J1520.0-0905,bll,0.019059675,0.98094034
4FGL J1521.7+1650,fsrq,0.7613357,0.23866433
4FGL J1523.1+3413,bll,0.43667114,0.56332886
4FGL J1523.2-3941,fsrq,0.783426,0.21657401
4FGL J1523.2+2818,fsrq,0.67719084,0.32280916
4FGL J1524.8-5904,bll,0.32377532,0.6762247
4FGL J1525.7-4334,fsrq,0.7907842,0.20921582
4FGL J1526.7-1529,bll,0.043079935,0.9569201
4FGL J1527.4+1717,fsrq,0.9245298,0.07547021
4FGL J1528.2-2905,bll,0.03307171,0.9669283
4FGL J1528.5-2240,bll,0.22010407,0.7798959
4FGL J1529.7+6733,bll,0.3622766,0.6377234
4FGL J1530.5-3026,bll,0.10122647,0.89877355
4FGL J1532.7+2342,fsrq,0.9765621,0.023437917
4FGL J1532.7-1319,fsrq,0.9689785,0.031021476
4FGL J1535.3-3135,bll,0.0062580565,0.9937419
4FGL J1535.8-4730,fsrq,0.82693684,0.17306316
4FGL J1536.9-3731,bll,0.1548257,0.8451743
4FGL J1537.7-7957,bll,0.10035878,0.8996412
4FGL J1537.9-1344,bll,0.0029015115,0.9970985
4FGL J1540.4+6606,fsrq,0.62191725,0.37808275
4FGL J1541.1+3451,fsrq,0.821918,0.17808199
4FGL J1543.3+1026,fsrq,0.93310827,0.06689173
4FGL J1543.6+6551,bll,0.098043725,0.90195626
4FGL J1544.3-0649,bll,0.05280776,0.94719225
4FGL J1546.4-2903,bll,0.024041355,0.97595865
4FGL J1547.3-1531,bll,0.005041076,0.99495894
4FGL J1547.9-6403,fsrq,0.9440339,0.05596608
4FGL J1548.3+6615,bll,0.07644514,0.92355484
4FGL J1548.4-2109,bll,0.0047001094,0.9952999
4FGL J1549.0+7846,bll,0.042760614,0.9572394
4FGL J1549.3+4234,bll,0.050397784,0.94960225
4FGL J1549.4+7409,bll,0.29533398,0.704666
4FGL J1550.7+7006,fsrq,0.63598096,0.36401904
4FGL J1550.8-1750,fsrq,0.78663206,0.21336794
4FGL J1553.5-6910,bll,0.013396051,0.986604
4FGL J1554.0-0243,fsrq,0.96052426,0.03947574
4FGL J1554.4-1215,bll,0.0049911044,0.9950089
4FGL J1555.2-4149,fsrq,0.9733893,0.026610672
4FGL J1556.1+2812,bll,0.017051134,0.98294884
4FGL J1556.6+1417,bll,0.44659418,0.5534058
4FGL J1558.1+6239,fsrq,0.5937992,0.40620083
4FGL J1559.1+6736,bll,0.011004558,0.98899543
4FGL J1559.8-0425,fsrq,0.98180413,0.018195868
4FGL J1559.8-2525,bll,0.14748129,0.8525187
4FGL J1600.0+8510,bll,0.01350734,0.98649263
4FGL J1602.0-0641,bll,0.29848918,0.7015108
4FGL J1602.1+3324,fsrq,0.98117733,0.01882267
4FGL J1602.9-1928,bll,0.06752848,0.9324715
4FGL J1603.5+1552,bll,0.40498883,0.5950112
4FGL J1603.5-7112,bll,0.13354696,0.86645305
4FGL J1604.9-3414,bll,0.0016972141,0.99830276
4FGL J1605.8+7208,bll,0.049661987,0.950338
4FGL J1606.6+1324,fsrq,0.5037462,0.4962538
4FGL J1606.8-0351,fsrq,0.5555813,0.44441873
4FGL J1608.0+4949,fsrq,0.8376981,0.1623019
4FGL J1608.0-1625,fsrq,0.92470586,0.07529414
4FGL J1611.1+2501,fsrq,0.9808085,0.019191504
4FGL J1611.3-0930,bll,0.08459919,0.9154008
4FGL J1612.2+2828,bll,0.09953783,0.90046215
4FGL J1613.3-1907,bll,0.026269726,0.97373027
4FGL J1613.5-4225,fsrq,0.8170861,0.1829139
4FGL J1614.4+5028,bll,0.003080873,0.99691916
4FGL J1614.8-0850,bll,0.009590583,0.99040943
4FGL J1615.6+2130,fsrq,0.9886452,0.011354804
4FGL J1616.5-3500,fsrq,0.7162556,0.2837444
4FGL J1617.2-2535,fsrq,0.7694231,0.23057687
4FGL J1617.3-1513,bll,0.026092172,0.9739078
4FGL J1619.0+7536,bll,0.007905242,0.99209476
4FGL J1621.7-1103,fsrq,0.9950664,0.0049335957
4FGL J1623.4+0858,bll,0.047845352,0.95215464
4FGL J1624.9-4210,fsrq,0.7533213,0.24667871
4FGL J1625.2-3600,fsrq,0.7944831,0.20551687
4FGL J1626.0+5436,fsrq,0.9852856,0.01471442
4FGL J1626.4+1820,fsrq,0.53801876,0.46198124
4FGL J1626.5-7435,bll,0.11742657,0.8825734
4FGL J1627.3+4758,fsrq,0.90439194,0.095608056
4FGL J1627.4-3301,fsrq,0.7743381,0.22566187
4FGL J1627.7+0251,bll,0.091127485,0.9088725
4FGL J1628.3-3343,bll,0.09627305,0.90372694
4FGL J1631.0-5302,fsrq,0.7334908,0.26650918
4FGL J1631.2+1046,fsrq,0.8054956,0.19450438
4FGL J1632.2+0854,bll,0.10425754,0.8957425
4FGL J1632.4+5800,bll,0.005903441,0.9940966
4FGL J1632.8-1048,fsrq,0.9916271,0.008372903
4FGL J1633.5+2806,fsrq,0.9430431,0.056956887
4FGL J1633.8+0701,bll,0.14231129,0.8576887
4FGL J1634.9+1222,bll,0.014519012,0.98548096
4FGL J1635.3+0911,fsrq,0.9860298,0.013970196
4FGL J1635.6+3500,bll,0.21642782,0.7835722
4FGL J1636.3+7128,fsrq,0.61626834,0.38373166
4FGL J1636.5-0454,bll,0.009000327,0.9909997
4FGL J1636.9-4103,fsrq,0.8039521,0.1960479
4FGL J1638.0+0042,bll,0.0034020143,0.996598
4FGL J1640.3+6850,bll,0.010267182,0.9897328
4FGL J1643.7+3317,bll,0.028100783,0.9718992
4FGL J1644.5-4602c,fsrq,0.8790174,0.12098259
4FGL J1644.8-2154c,bll,0.40571693,0.5942831
4FGL J1646.0-0942,bll,0.26142362,0.7385764
4FGL J1646.6+7422,bll,0.14494856,0.85505146
4FGL J1646.7-1330,bll,0.0067491657,0.99325085
4FGL J1647.0+6040,bll,0.09035575,0.90964425
4FGL J1647.6-1210,fsrq,0.9062082,0.09379178
4FGL J1648.0+2221,fsrq,0.98162615,0.018373847
4FGL J1648.1-2920,fsrq,0.9118078,0.088192225
4FGL J1648.2+4232,fsrq,0.9629238,0.037076175
4FGL J1649.3+8252,bll,0.13261476,0.86738527
4FGL J1649.6+0411,fsrq,0.9918366,0.008163393
4FGL J1650.9+0429,bll,0.011978552,0.98802143
4FGL J1651.0-1523,fsrq,0.5968916,0.40310842
4FGL J1654.0-3509,bll,0.27936706,0.7206329
4FGL J1655.1-2239,bll,0.027257405,0.9727426
4FGL J1656.0+2047,fsrq,0.90849394,0.091506064
4FGL J1657.7-6120,bll,0.06280093,0.93719906
4FGL J1659.7-3131,bll,0.117980205,0.8820198
4FGL J1701.0+6613,fsrq,0.985262,0.014738023
4FGL J1701.7-5621,fsrq,0.7414344,0.2585656
4FGL J1704.1+7647,fsrq,0.98627687,0.013723135
4FGL J1705.3-6946,fsrq,0.79308844,0.20691156
4FGL J1706.1+1000,fsrq,0.9891418,0.010858178
4FGL J1707.9+0016,bll,0.10358121,0.8964188
4FGL J1709.0-3525,fsrq,0.7584891,0.24151093
4FGL J1710.1-2030,bll,0.4353033,0.56469667
4FGL J1710.3-3943,fsrq,0.7864353,0.2135647
4FGL J1711.1+0242,bll,0.008382676,0.9916173
4FGL J1711.1-4600c,fsrq,0.80590624,0.19409376
4FGL J1711.6-5027,fsrq,0.74777186,0.25222814
4FGL J1712.5-3142,fsrq,0.74826294,0.25173706
4FGL J1713.2-3417,bll,0.23156539,0.76843464
4FGL J1713.7+8844,bll,0.027977739,0.97202224
4FGL J1714.0-2029,bll,0.0017653619,0.9982346
4FGL J1715.0+2616,fsrq,0.6256975,0.3743025
4FGL J1715.4-4025,bll,0.3281811,0.6718189
4FGL J1716.3-3421,fsrq,0.8152451,0.18475491
4FGL J1716.6-6707,bll,0.4577178,0.5422822
4FGL J1717.3-6045,bll,0.22973299,0.770267
4FGL J1718.0-3055,bll,0.07973657,0.9202634
4FGL J1719.3+1205,bll,0.0031697962,0.9968302
4FGL J1720.0-5101,fsrq,0.9634296,0.03657043
4FGL J1720.2+3824,bll,0.4582501,0.5417499
4FGL J1723.6-7714,fsrq,0.87989014,0.120109856
4FGL J1725.4+5254,bll,0.015596943,0.9844031
4FGL J1727.2+0644,fsrq,0.9836457,0.016354322
4FGL J1727.9-0654,fsrq,0.84515077,0.15484923
4FGL J1728.5-7303,fsrq,0.9765205,0.023479521
4FGL J1728.6-7448,fsrq,0.92833936,0.07166064
4FGL J1730.6+3805,bll,0.20784563,0.7921544
4FGL J1731.9-2719,bll,0.26764,0.73236
4FGL J1733.4+1521,fsrq,0.99375063,0.006249368
4FGL J1733.4-3943,bll,0.056069043,0.943931
4FGL J1733.6-6054,fsrq,0.6323935,0.36760652
4FGL J1734.0+0805,fsrq,0.8775018,0.122498214
4FGL J1735.0-0132,bll,0.011290916,0.9887091
4FGL J1735.4-1118,bll,0.0193176,0.9806824
4FGL J1735.8-5932,bll,0.3373921,0.6626079
4FGL J1736.9-3357,fsrq,0.79633296,0.20366704
4FGL J1737.6-1503,fsrq,0.9421217,0.057878315
4FGL J1738.0+8717,fsrq,0.72814333,0.27185667
4FGL J1738.0+0236,fsrq,0.8932182,0.10678178
4FGL J1738.2+4000,fsrq,0.50472564,0.49527436
4FGL J1738.8+3822,bll,0.010305514,0.9896945
4FGL J1738.8-3418,bll,0.38041317,0.6195868
4FGL J1741.5-3119,fsrq,0.69777584,0.30222416
4FGL J1741.8-2537,bll,0.06348358,0.9365164
4FGL J1742.4-1518,fsrq,0.80043215,0.19956785
4FGL J1743.9-1824,fsrq,0.9610122,0.038987815
4FGL J1744.1+4635,bll,0.0034874072,0.9965126
4FGL J1744.9-1727,bll,0.0037325874,0.99626744
4FGL J1745.1+4731,bll,0.10491629,0.8950837
4FGL J1745.1+4102,bll,0.19924366,0.80075634
4FGL J1746.8-5235,fsrq,0.96781677,0.03218323
4FGL J1747.1-5453,fsrq,0.7942457,0.20575428
4FGL J1747.4+2759,fsrq,0.9640816,0.035918415
4FGL J1747.6-5308,fsrq,0.5458693,0.4541307
4FGL J1747.6-4211,fsrq,0.78786004,0.21213996
4FGL J1748.1+2702,bll,0.06370784,0.9362922
4FGL J1748.5-0854,bll,0.033803962,0.96619606
4FGL J1749.0-2327,fsrq,0.8506302,0.14936978
4FGL J1751.6+2921,fsrq,0.96013945,0.039860547
4FGL J1751.6-1750,bll,0.10984886,0.89015114
4FGL J1752.1+4531,fsrq,0.88789976,0.11210024
4FGL J1752.6-1010,fsrq,0.5543112,0.44568878
4FGL J1753.3-3325,fsrq,0.7945848,0.20541519
4FGL J1753.4-5913,bll,0.01335878,0.9866412
4FGL J1753.6-5014,fsrq,0.99106336,0.008936644
4FGL J1754.7+3444,fsrq,0.98396784,0.01603216
4FGL J1756.9+1531,bll,0.10323536,0.89676464
4FGL J1758.2+6532,bll,0.38789988,0.6121001
4FGL J1758.3+1429,bll,0.22132353,0.77867645
4FGL J1758.3-3028,bll,0.37233472,0.6276653
4FGL J1758.7-1621,fsrq,0.78790104,0.21209896
4FGL J1759.1-4822,fsrq,0.67915195,0.32084805
4FGL J1759.1-3849,bll,0.29628402,0.703716
4FGL J1800.1+2812,bll,0.18369131,0.8163087
4FGL J1801.5+2123,fsrq,0.5652421,0.4347579
4FGL J1801.8+2951,bll,0.007334722,0.9926653
4FGL J1803.5+2756,bll,0.08722121,0.9127788
4FGL J1804.4+5249,bll,0.017832078,0.9821679
4FGL J1806.2+6143,fsrq,0.9940817,0.005918324
4FGL J1806.3+5345,fsrq,0.9791108,0.020889223
4FGL J1806.9-8038,bll,0.14554088,0.8544591
4FGL J1808.8+2419,bll,0.02195583,0.97804415
4FGL J1809.6-2443,bll,0.0036438068,0.9963562
4FGL J1810.0-4550,fsrq,0.7700137,0.22998631
4FGL J1811.2-2759,bll,0.020343663,0.97965634
4FGL J1812.9+4249,fsrq,0.9211929,0.078807116
4FGL J1815.2-2715,bll,0.19441766,0.80558234
4FGL J1816.7+0951,bll,0.38686666,0.6131333
4FGL J1817.9+2707,fsrq,0.92874885,0.071251154
4FGL J1821.6+6819,fsrq,0.9694371,0.030562878
4FGL J1822.0+1600,fsrq,0.96907556,0.03092444
4FGL J1823.3-3720,fsrq,0.98126316,0.01873684
4FGL J1823.6-3453,bll,0.0010062808,0.9989937
4FGL J1824.5+0107,fsrq,0.9299518,0.07004821
4FGL J1824.5+4311,bll,0.018308586,0.9816914
4FGL J1825.1-5231,fsrq,0.98267084,0.017329156
4FGL J1826.0-5037,bll,0.01881123,0.9811888
4FGL J1826.1-2922,bll,0.4204236,0.5795764
4FGL J1827.5+2015,bll,0.020850029,0.97915
4FGL J1827.6-4029,fsrq,0.8297825,0.17021751
4FGL J1828.0+2634,bll,0.009254599,0.9907454
4FGL J1828.5-5920,bll,0.0032708785,0.99672914
4FGL J1828.7+3230,fsrq,0.5861263,0.41387367
4FGL J1829.1+2729,fsrq,0.9894884,0.010511577
4FGL J1829.9+3934,bll,0.110955104,0.8890449
4FGL J1830.0+3958,fsrq,0.9906448,0.009355187
4FGL J1830.2-4443,fsrq,0.9929865,0.0070134997
4FGL J1830.7-2713,bll,0.1518129,0.8481871
4FGL J1835.7-0541,fsrq,0.5196163,0.4803837
4FGL J1836.5+1948,bll,0.040488124,0.9595119
4FGL J1837.0+5347,fsrq,0.7096781,0.2903219
4FGL J1837.3+1052,fsrq,0.7746735,0.22532648
4FGL J1837.4-1646,fsrq,0.9444916,0.055508375
4FGL J1838.9-3457,bll,0.41209364,0.58790636
4FGL J1840.3-3037,fsrq,0.5755737,0.42442632
4FGL J1840.5+3707,fsrq,0.97863513,0.021364868
4FGL J1840.6-5545,fsrq,0.99320716,0.0067928433
4FGL J1841.0+6115,bll,0.31891358,0.6810864
4FGL J1842.4+7613,fsrq,0.90649503,0.093504965
4FGL J1843.8-2011,fsrq,0.7443132,0.25568682
4FGL J1844.8-3248,bll,0.0029015115,0.9970985
4FGL J1845.0+1613,bll,0.28396988,0.7160301
4FGL J1846.7+7238,bll,0.012618157,0.9873818
4FGL J1847.6+5219,bll,0.07285604,0.92714393
4FGL J1848.1-4230,bll,0.06127964,0.93872035
4FGL J1848.6-2711,fsrq,0.9514505,0.048549473
4FGL J1849.3-6447,bll,0.004279003,0.995721
4FGL J1850.1-0758,bll,0.120097145,0.87990284
4FGL J1851.5+3406,bll,0.3867802,0.6132198
4FGL J1855.8-2028,bll,0.23818454,0.7618154
4FGL J1857.8+3544,bll,0.030831708,0.9691683
4FGL J1857.9+0313c,fsrq,0.83482224,0.16517776
4FGL J1858.1-1821,bll,0.16574806,0.83425194
4FGL J1858.1+7318,bll,0.05437987,0.9456201
4FGL J1858.3-2511,fsrq,0.94417834,0.055821657
4FGL J1858.5+0640,fsrq,0.51676255,0.48323745
4FGL J1859.0+2329,bll,0.1287979,0.8712021
4FGL J1901.0+6208,fsrq,0.8653482,0.13465178
4FGL J1901.0-1739,fsrq,0.65656406,0.34343594
4FGL J1901.7-5140,bll,0.15694682,0.84305316
4FGL J1902.4-0629,bll,0.010749148,0.98925084
4FGL J1906.7+5419,bll,0.24800551,0.7519945
4FGL J1907.2+0126,bll,0.0763068,0.9236932
4FGL J1907.7-1232,fsrq,0.5400077,0.4599923
4FGL J1909.5+3511,bll,0.040960178,0.9590398
4FGL J1909.7-2140,bll,0.26959977,0.7304002
4FGL J1910.0-2453,bll,0.20124395,0.79875606
4FGL J1911.5+0311,bll,0.011000459,0.98899955
4FGL J1912.0+1612,fsrq,0.75112027,0.24887973
4FGL J1912.1-0803,bll,0.2716748,0.7283252
4FGL J1912.4-1222,fsrq,0.7760239,0.22397608
4FGL J1912.7-1250,bll,0.29089746,0.7091025
4FGL J1913.2+0512,fsrq,0.7485052,0.25149482
4FGL J1913.4-3629,fsrq,0.5183848,0.4816152
4FGL J1915.3+1149,fsrq,0.83579385,0.16420615
4FGL J1916.7-1516,fsrq,0.98579246,0.014207542
4FGL J1916.8+4201,fsrq,0.6554935,0.3445065
4FGL J1917.7-6442,bll,0.08766859,0.9123314
4FGL J1917.7-6930,bll,0.4045946,0.5954054
4FGL J1918.1+3752,bll,0.016993742,0.98300624
4FGL J1919.2+0618,fsrq,0.78399795,0.21600205
4FGL J1921.7+5817,bll,0.024467207,0.97553277
4FGL J1922.2+2314,bll,0.17294236,0.82705766
4FGL J1922.5-7453,bll,0.0039629964,0.996037
4FGL J1922.6-6324,bll,0.2894132,0.7105868
4FGL J1923.4-2503,bll,0.002978483,0.9970215
4FGL J1924.3-5458,bll,0.48511413,0.5148859
4FGL J1925.0+2815,bll,0.011936036,0.988064
4FGL J1925.7+1227,fsrq,0.6220868,0.37791318
4FGL J1930.3+0911,fsrq,0.9762582,0.023741782
4FGL J1931.2+5958,bll,0.0036438068,0.9963562
4FGL J1931.3-1556,bll,0.017442795,0.9825572
4FGL J1931.5+5229,bll,0.26034704,0.739653
4FGL J1933.9-1025,bll,0.40828666,0.5917133
4FGL J1934.2+6002,bll,0.018409137,0.98159087
4FGL J1937.0+8354,bll,0.07925899,0.920741
4FGL J1937.2-4217,bll,0.20040208,0.7995979
4FGL J1939.8-4928,bll,0.087379225,0.9126208
4FGL J1941.7+7218,fsrq,0.9930829,0.006917119
4FGL J1942.1+4011,bll,0.0917829,0.9082171
4FGL J1942.5-5827,bll,0.019135257,0.98086476
4FGL J1943.6-0533,bll,0.019723326,0.9802767
4FGL J1943.9-2705,bll,0.08856946,0.91143054
4FGL J1944.0+2117,bll,0.0014945079,0.9985055
4FGL J1944.2+3921,bll,0.11560016,0.88439983
4FGL J1945.1-4007,fsrq,0.663878,0.33612198
4FGL J1945.5-0153,fsrq,0.5936488,0.4063512
4FGL J1946.0+0937,bll,0.022489341,0.97751063
4FGL J1946.4+6031,bll,0.05186978,0.94813025
4FGL J1948.3+1207,fsrq,0.93418586,0.06581414
4FGL J1949.0+1314,fsrq,0.7796872,0.22031277
4FGL J1949.2+7250,fsrq,0.93219835,0.067801654
4FGL J1949.4+1247,fsrq,0.70687366,0.29312634
4FGL J1949.5+7311,fsrq,0.7493858,0.25061423
4FGL J1949.9-6134,fsrq,0.67910016,0.32089984
4FGL J1950.0-7321,bll,0.039908584,0.9600914
4FGL J1950.6+3456,bll,0.017884022,0.982116
4FGL J1950.8+1211,fsrq,0.7264143,0.27358568
4FGL J1951.2-0951,fsrq,0.8121178,0.18788218
4FGL J1951.6-4624,bll,0.098118514,0.90188146
4FGL J1953.0+7651,bll,0.23972328,0.76027673
4FGL J1953.0-7025,bll,0.039449442,0.96055055
4FGL J1956.1+0234,bll,0.04113533,0.9588647
4FGL J1958.1+2438,bll,0.02896753,0.9710325
4FGL J1958.1-0711,bll,0.027374938,0.9726251
4FGL J1959.0+3844,fsrq,0.9794362,0.020563781
4FGL J2000.0+4214,fsrq,0.7103032,0.2896968
4FGL J2000.9+6614,bll,0.06985112,0.9301489
4FGL J2001.5-0818,bll,0.09326349,0.9067365
4FGL J2001.9-5737,bll,0.016334986,0.983665
4FGL J2003.6+2333,bll,0.46046916,0.5395309
4FGL J2007.2-1433,fsrq,0.9548853,0.045114696
4FGL J2007.3-7728,fsrq,0.69659245,0.30340755
4FGL J2009.9+3544,bll,0.3953127,0.60468733
4FGL J2013.0-3717,bll,0.14012744,0.8598726
4FGL J2013.0-3828,bll,0.13914429,0.8608557
4FGL J2015.0+1621,bll,0.18909985,0.81090015
4FGL J2016.3-2331,bll,0.05158152,0.9484185
4FGL J2017.5-4113,bll,0.017443448,0.9825566
4FGL J2018.5+3852,bll,0.22812517,0.77187485
4FGL J2021.4-2048,fsrq,0.9058429,0.0941571
4FGL J2022.0-7224,bll,0.0106702,0.9893298
4FGL J2023.2+3153,bll,0.035613853,0.96438617
4FGL J2023.4+4127,bll,0.1870316,0.8129684
4FGL J2023.6-0123,bll,0.055833533,0.9441665
4FGL J2024.7-2328,bll,0.017489374,0.9825106
4FGL J2024.8-6459,fsrq,0.933043,0.066957
4FGL J2024.8+2734,bll,0.018486658,0.9815133
4FGL J2025.3-2231,bll,0.015075446,0.98492455
4FGL J2026.1+7645,bll,0.0018892644,0.9981107
4FGL J2026.6+3449,bll,0.09465091,0.9053491
4FGL J2029.1-1839,bll,0.324687,0.675313
4FGL J2030.8-6959,bll,0.052538488,0.9474615
4FGL J2030.9-1621,bll,0.010426699,0.9895733
4FGL J2031.1-2615,bll,0.07074463,0.92925537
4FGL J2031.2-4121,fsrq,0.9735926,0.02640742
4FGL J2031.8+1619,bll,0.3623014,0.6376986
4FGL J2031.9+2403,bll,0.010135553,0.98986447
4FGL J2032.3-5816,bll,0.21941586,0.78058416
4FGL J2033.7+6308,bll,0.042270526,0.95772946
4FGL J2034.9-0450,bll,0.13923362,0.8607664
4FGL J2035.9+4901,bll,0.19097507,0.80902493
4FGL J2037.9-0504,bll,0.014723813,0.98527616
4FGL J2039.3+2150,fsrq,0.9837564,0.016243577
4FGL J2040.0-5737,bll,0.12306951,0.8769305
4FGL J2040.0+1237,bll,0.019779094,0.9802209
4FGL J2040.1-4621,bll,0.0016723791,0.9983276
4FGL J2040.5-1705,fsrq,0.94143516,0.05856484
4FGL J2042.1+4209,fsrq,0.9220816,0.07791841
4FGL J2042.6+1629,bll,0.061648674,0.93835133
4FGL J2042.7-5415,fsrq,0.70433617,0.29566383
4FGL J2042.7-0155,bll,0.15445034,0.84554964
4FGL J2044.0+1036,fsrq,0.8066538,0.1933462
4FGL J2045.1-2346,bll,0.014730018,0.98526996
4FGL J2046.9-0235,fsrq,0.9848851,0.015114903
4FGL J2047.9-3122,bll,0.021465834,0.97853416
4FGL J2049.0+1647,bll,0.04741033,0.9525897
4FGL J2049.0-4020,bll,0.087850265,0.9121497
4FGL J2049.9-2453,bll,0.167645,0.832355
4FGL J2052.2-5533,fsrq,0.98918974,0.010810256
4FGL J2054.0+7024,bll,0.102865614,0.89713436
4FGL J2054.5+4731,bll,0.0145295495,0.9854705
4FGL J2055.1-1028,bll,0.13632123,0.86367875
4FGL J2056.4-4904,fsrq,0.9531607,0.046839297
4FGL J2056.5-0202,fsrq,0.9807457,0.019254327
4FGL J2056.7+4939,bll,0.005804637,0.99419534
4FGL J2057.4-0723,fsrq,0.995663,0.004337013
4FGL J2059.1-4103,fsrq,0.6577331,0.34226692
4FGL J2100.0+2103,fsrq,0.6326469,0.36735308
4FGL J2101.3+0912,bll,0.19688559,0.8031144
4FGL J2102.3+4702,bll,0.092471026,0.907529
4FGL J2103.0+0342,fsrq,0.765143,0.23485702
4FGL J2103.4-7816,fsrq,0.8776048,0.12239522
4FGL J2103.7-1112,bll,0.3858389,0.61416113
4FGL J2104.0-3546,fsrq,0.653193,0.346807
4FGL J2104.7+0108,bll,0.050137337,0.94986266
4FGL J2105.2-5143,fsrq,0.72430986,0.27569014
4FGL J2106.7+3549,fsrq,0.750954,0.24904603
4FGL J2106.9+2455,fsrq,0.9931003,0.0068997145
4FGL J2107.1-1453,bll,0.18762654,0.81237346
4FGL J2107.6-4148,bll,0.1431551,0.8568449
4FGL J2107.9+6006,fsrq,0.7581428,0.24185717
4FGL J2108.2-2454,fsrq,0.971134,0.028865993
4FGL J2108.3-4824,fsrq,0.5972277,0.4027723
4FGL J2108.7+7532c,fsrq,0.96151656,0.03848344
4FGL J2109.8-8618,bll,0.0019948217,0.99800515
4FGL J2110.3+0404,bll,0.038221233,0.96177876
4FGL J2112.9-4818,fsrq,0.58301955,0.41698045
4FGL J2113.9+1120,fsrq,0.99379236,0.006207645
4FGL J2114.7-2538,fsrq,0.8552041,0.1447959
4FGL J2114.7+3130,bll,0.46645132,0.5335487
4FGL J2115.6-4938,bll,0.0194255,0.9805745
4FGL J2115.8+6753,bll,0.01029978,0.9897002
4FGL J2116.3+1015,fsrq,0.8853741,0.11462587
4FGL J2117.4+6159c,fsrq,0.80239224,0.19760776
4FGL J2117.8-1521,bll,0.26162675,0.7383733
4FGL J2118.2+5752,fsrq,0.92991716,0.07008284
4FGL J2118.2-5419,bll,0.013252763,0.98674726
4FGL J2119.0-3317,fsrq,0.51586485,0.48413515
4FGL J2119.4+4652c,fsrq,0.60989165,0.39010835
4FGL J2119.5-4541,fsrq,0.74794126,0.25205874
4FGL J2120.6-1254,fsrq,0.5835219,0.4164781
4FGL J2120.7+4428,fsrq,0.8146105,0.18538952
4FGL J2123.8-3148,bll,0.25570005,0.74429995
4FGL J2126.5+1842,bll,0.016969243,0.98303074
4FGL J2127.5+7420,fsrq,0.8007412,0.1992588
4FGL J2127.5-5744,bll,0.040854458,0.95914555
4FGL J2128.7-1940,bll,0.025847306,0.9741527
4FGL J2130.0+2610,bll,0.17067337,0.8293266
4FGL J2130.4-4241,fsrq,0.9866283,0.013371706
4FGL J2130.8-6623,bll,0.41735107,0.58264893
4FGL J2132.0-5418,fsrq,0.9076091,0.092390895
4FGL J2133.0+2610,fsrq,0.7753755,0.22462451
4FGL J2133.6+8002,bll,0.024027972,0.97597206
4FGL J2133.6+1439,fsrq,0.9830362,0.01696378
4FGL J2134.3-6511,bll,0.05504714,0.94495285
4FGL J2136.2-0642,fsrq,0.9186633,0.08133668
4FGL J2136.5+4259,fsrq,0.99454534,0.0054546595
4FGL J2137.4-3209,bll,0.018951733,0.9810483
4FGL J2138.3+3556,bll,0.07309247,0.92690754
4FGL J2138.3-4933,fsrq,0.9789435,0.021056473
4FGL J2139.1+3724,fsrq,0.9100469,0.089953125
4FGL J2139.2-2214,fsrq,0.65457994,0.34542006
4FGL J2139.9+3910,fsrq,0.9799682,0.02003181
4FGL J2140.5-6731,fsrq,0.9846884,0.015311599
4FGL J2141.7-6410,fsrq,0.99024665,0.009753346
4FGL J2142.1+4501,bll,0.01275368,0.98724633
4FGL J2142.4+3659,bll,0.004378934,0.9956211
4FGL J2142.5-2552,bll,0.046803903,0.9531961
4FGL J2142.8+1958,bll,0.0020039722,0.99799603
4FGL J2143.0-5501,fsrq,0.99330443,0.0066955686
4FGL J2143.9+3337,bll,0.021072192,0.9789278
4FGL J2144.8-1817,bll,0.019774023,0.980226
4FGL J2146.8+0425,fsrq,0.99342585,0.006574154
4FGL J2148.9-0121,fsrq,0.58942944,0.41057056
4FGL J2149.1+6104,fsrq,0.9764454,0.023554623
4FGL J2149.7+1917,fsrq,0.9852496,0.014750421
4FGL J2155.3+6602,fsrq,0.85759455,0.14240545
4FGL J2158.5-7550,bll,0.30705,0.69295
4FGL J2159.8-4751,fsrq,0.9645551,0.035444915
4FGL J2200.7-2414,bll,0.14029261,0.85970736
4FGL J2201.0-5907,bll,0.019425377,0.9805746
4FGL J2201.5+2950,bll,0.10722896,0.89277107
4FGL J2203.6+6751,fsrq,0.87146455,0.12853545
4FGL J2205.0+7432,bll,0.41433614,0.58566386
4FGL J2207.0+3607,bll,0.042901743,0.95709825
4FGL J2207.1+4316,bll,0.09132445,0.90867555
4FGL J2208.1-4507,bll,0.00986148,0.99013853
4FGL J2209.4+4329,fsrq,0.54194957,0.45805043
4FGL J2209.8-5028,bll,0.28542966,0.71457034
4FGL J2210.5+3623,bll,0.08143306,0.91856694
4FGL J2210.8+3203,bll,0.004655028,0.995345
4FGL J2211.9+0821,bll,0.18862988,0.81137013
4FGL J2212.2-7251,fsrq,0.97535396,0.024646044
4FGL J2213.9+5948c,fsrq,0.9386589,0.061341107
4FGL J2215.4+6105,fsrq,0.7509394,0.24906057
4FGL J2218.6+1941,fsrq,0.88292485,0.117075145
4FGL J2221.8+3358,bll,0.21311866,0.7868813
4FGL J2222.8+1209,fsrq,0.84936696,0.15063304
4FGL J2223.0+6746,fsrq,0.73934615,0.26065385
4FGL J2223.4+5814,fsrq,0.92536074,0.07463926
4FGL J2224.3+7737,fsrq,0.74668086,0.25331914
4FGL J2224.5+0353,bll,0.09347152,0.9065285
4FGL J2226.5+6901c,bll,0.018637843,0.98136216
4FGL J2226.6+0210,bll,0.0020378064,0.9979622
4FGL J2228.0-1918,fsrq,0.7845811,0.21541888
4FGL J2228.0-4155,bll,0.005837414,0.99416256
4FGL J2228.5+2211,bll,0.48746094,0.512539
4FGL J2229.2-6911,fsrq,0.64203626,0.35796374
4FGL J2229.5+2549,bll,0.34368044,0.65631956
4FGL J2231.6+2754,bll,0.0036438068,0.9963562
4FGL J2232.3+7616,bll,0.17018232,0.82981765
4FGL J2232.3+6246,fsrq,0.77898836,0.22101164
4FGL J2233.9-1229,bll,0.0976486,0.9023514
4FGL J2235.1-0623,bll,0.0780942,0.9219058
4FGL J2236.4-2309,fsrq,0.9915897,0.008410275
4FGL J2237.4+5124,bll,0.17968832,0.82031167
4FGL J2239.5-2440,bll,0.004378934,0.9956211
4FGL J2240.3-1246,bll,0.0035299032,0.9964701
4FGL J2240.4+5133,fsrq,0.89727974,0.10272026
4FGL J2240.7-4746,bll,0.018245516,0.9817545
4FGL J2240.9-1825,bll,0.40197936,0.5980207
4FGL J2241.1-4122,bll,0.030130088,0.9698699
4FGL J2241.3+2943,fsrq,0.5621274,0.4378726
4FGL J2241.5+0454,bll,0.009632665,0.99036735
4FGL J2243.5-3931,bll,0.37644166,0.62355834
4FGL J2243.5+3220,bll,0.013571735,0.98642826
4FGL J2243.8-2510,fsrq,0.98224294,0.017757058
4FGL J2245.5-1734,bll,0.018325254,0.98167473
4FGL J2247.1+4658,bll,0.43231174,0.5676882
4FGL J2248.7-4302,bll,0.08575131,0.9142487
4FGL J2249.7-5944,bll,0.035086617,0.96491337
4FGL J2249.9+0452,bll,0.11072164,0.88927835
4FGL J2250.0-1250,fsrq,0.9001286,0.0998714
4FGL J2251.2+5550,fsrq,0.51636887,0.48363113
4FGL J2251.7-3208,bll,0.16263777,0.83736223
4FGL J2252.0+8149,fsrq,0.8926295,0.107370496
4FGL J2253.2-1232,fsrq,0.96134907,0.03865093
4FGL J2253.3+3233,bll,0.12226909,0.8777309
4FGL J2254.2+4305,fsrq,0.6907895,0.30921048
4FGL J2256.4-7119,bll,0.004163806,0.9958362
4FGL J2258.5-8247,bll,0.05973752,0.9402625
4FGL J2259.8-1552,bll,0.14295045,0.8570496
4FGL J2300.8-0736,bll,0.011248951,0.98875105
4FGL J2300.9+7108,bll,0.007629751,0.99237025
4FGL J2301.7+0608,fsrq,0.9785403,0.021459699
4FGL J2304.3+0618,fsrq,0.6097919,0.39020813
4FGL J2305.6-4214,bll,0.24632257,0.7536774
4FGL J2306.6+0940,bll,0.16861694,0.83138305
4FGL J2306.8-3036,bll,0.15433492,0.8456651
4FGL J2307.5+8629c,fsrq,0.9864987,0.0135012865
4FGL J2307.7+6712,bll,0.010114434,0.98988557
4FGL J2308.6-4555,bll,0.46438727,0.5356127
4FGL J2308.9+1111,bll,0.10943459,0.8905654
4FGL J2310.3-7354,fsrq,0.9820696,0.017930388
4FGL J2311.7+2604,fsrq,0.9162185,0.08378148
4FGL J2312.2-6536,bll,0.072236195,0.9277638
4FGL J2312.5+7241,fsrq,0.7930598,0.20694017
4FGL J2313.4-6922,bll,0.0017722085,0.9982278
4FGL J2313.5+3945,fsrq,0.99028075,0.009719253
4FGL J2313.9-4501,fsrq,0.80097574,0.19902426
4FGL J2317.0+3756,fsrq,0.9776397,0.022360325
4FGL J2318.2+1915,fsrq,0.96030194,0.039698064
4FGL J2319.6-0456,bll,0.008152755,0.9918472
4FGL J2321.0+2836,fsrq,0.71765,0.28235
4FGL J2321.4+5111,bll,0.07508734,0.9249127
4FGL J2322.4-2906,bll,0.2982183,0.7017817
4FGL J2322.6-0735,fsrq,0.9412293,0.058770716
4FGL J2325.2-2010,bll,0.0054980726,0.99450195
4FGL J2325.7+1821,fsrq,0.8109586,0.18904138
4FGL J2325.9+6206c,fsrq,0.8816846,0.1183154
4FGL J2326.2+0113,fsrq,0.5307797,0.46922028
4FGL J2327.5-3259,fsrq,0.99035805,0.009641945
4FGL J2327.8-5626,bll,0.35249043,0.6475096
4FGL J2329.7+6101,bll,0.02694651,0.9730535
4FGL J2330.2+7759,fsrq,0.59279376,0.40720624
4FGL J2330.3-2332,bll,0.0409603,0.9590397
4FGL J2330.4+1230,bll,0.067191415,0.9328086
4FGL J2331.1-1653,fsrq,0.9874073,0.012592673
4FGL J2331.2-3839,bll,0.0051949294,0.9948051
4FGL J2331.5-0258,bll,0.012141958,0.98785806
4FGL J2333.9-2343,fsrq,0.90188485,0.098115146
4FGL J2334.0-2528,bll,0.37452888,0.6254711
4FGL J2335.9-5811,bll,0.036539853,0.96346015
4FGL J2336.2-3136,bll,0.34257963,0.6574204
4FGL J2336.6+2356,bll,0.00653488,0.9934651
4FGL J2336.9-5859,bll,0.25404626,0.74595374
4FGL J2339.3-2656,fsrq,0.69934386,0.30065614
4FGL J2339.6+0242,fsrq,0.87336445,0.12663555
4FGL J2340.5+3854,bll,0.08835199,0.91164804
4FGL J2343.7-5624,bll,0.3595881,0.6404119
4FGL J2345.9+3413,bll,0.0039749835,0.996025
4FGL J2347.9+5436,bll,0.0012900776,0.9987099
4FGL J2348.1-4934,fsrq,0.74238056,0.25761944
4FGL J2348.3-6049,bll,0.31767216,0.68232787
4FGL J2350.9-1416,bll,0.012522465,0.98747754
4FGL J2351.7-3416,bll,0.3528005,0.6471995
4FGL J2352.1-4301,fsrq,0.98052627,0.019473732
4FGL J2352.9+3031,bll,0.09451536,0.9054846
4FGL J2353.1-4806,bll,0.16860561,0.8313944
4FGL J2353.5+6646,fsrq,0.85788035,0.14211965
4FGL J2353.8-3911,bll,0.178067,0.82193303
4FGL J2355.7-3351,fsrq,0.9221035,0.077896476
4FGL J2357.0-4840,bll,0.13451198,0.86548805
4FGL J2358.0-4601,fsrq,0.93419313,0.065806866
4FGL J2358.1-2853,bll,0.15737723,0.84262276
4FGL J2358.4+6547,fsrq,0.8080913,0.19190872
4FGL J2359.1+1719,bll,0.061209828,0.9387902
4FGL J2359.3+0215,bll,0.0036848057,0.9963152
4FGL J2359.7-5041,fsrq,0.92439836,0.07560164
4FGL J2359.9-3736,bll,0.029432107,0.9705679
4FGL J2359.9+3145,bll,0.003563054,0.99643695
